Sample_ID,Plate_ID,Plate.Row,Plate.Col,R,C,Genotype,Garden,Primer_Plate,Lib_ID,index_i5,index_i7_revComp,Pop,Site,River,Collection,Latitude,Longitude,Block,Population,Region,key
EWG_2019_Lib01_s002,PL01,B,1,18,5,MCMN-27-5,Corvallis,ST2_4,Lib01,AGAGCAGT,AGCAAGGT,BC,McMillan_Island_,34,BC,49.183333,-122.583336,12,FR,West,C5R18B12
EWG_2019_Lib01_s006,PL01,F,1,4,9,BESC-905,Corvallis,ST2_4,Lib01,AACCTTCC,AGCAAGGT,Core,Gold_Bar,Skykomish,BESC,47.849577,-121.695297,2,SKY,West,C9R4B2
EWG_2019_Lib01_s009,PL01,A,2,5,9,BESC-1249,Corvallis,ST2_4,Lib01,AGAGCAGT,TCTCTCTC,Grand Ronde,Grand Ronde,Grand Ronde,Eastern,45.3518,-117.229782,2,GR,East,C9R5B2
EWG_2019_Lib01_s012,PL01,D,2,13,22,BESC-319,Corvallis,ST2_4,Lib01,AGAGCAGT,AGGTCTAC,Core,Mann_Rd,Skykomish,BESC,47.855099,-121.732903,9,SKY,West,C22R13B9
EWG_2019_Lib01_s029,PL01,E,4,19,4,BESC-319,Corvallis,ST2_4,Lib01,AACCTTCC,GCAACGTT,Core,Mann_Rd,Skykomish,BESC,47.855099,-121.732903,12,SKY,West,C4R19B12
EWG_2019_Lib01_s031,PL01,G,4,5,12,BESC-421,Corvallis,ST2_4,Lib01,AACCTTCC,CTCTCACA,Core,Hamilton,Skagit,BESC,48.524266,-122.013977,2,SK,West,C12R5B2
EWG_2019_Lib01_s033,PL01,A,5,2,9,BESC-465,Corvallis,ST2_4,Lib01,AGAGCAGT,ATAAGCGG,Core,Lyman_Island,Skagit,BESC,48.51838,-122.05242200000001,2,SK,West,C9R2B2
EWG_2019_Lib01_s034,PL01,B,5,13,5,VNDL-27-5,Corvallis,ST2_4,Lib01,AGAGCAGT,GTGTCTCT,BC,VNDL,34,BC,49.15,-122.099998,12,FR,West,C5R13B12
EWG_2019_Lib01_s036,PL01,D,5,5,8,BESC-15,Corvallis,ST2_4,Lib01,AGAGCAGT,TGCACATG,Columbia,Willow_Grove,Columbia,BESC,46.163327,-123.043648,2,CLB,West,C8R5B2
EWG_2019_Lib01_s046,PL01,F,6,7,8,BESC-184,Corvallis,ST2_4,Lib01,AACCTTCC,TGGTTCCT,Core,Orting,Puyallup,BESC,47.084244,-122.204559,2,PU,West,C8R7B2
EWG_2019_Lib01_s049,PL01,A,7,11,13,BESC-42,Corvallis,ST2_4,Lib01,GTGTACTG,AGAGACAC,Columbia,Talley_Way,Columbia,BESC,46.102311,-122.880493,2,CLB,West,C13R11B2
EWG_2019_Lib01_s054,PL01,F,7,16,2,BESC-1212,Corvallis,ST2_4,Lib01,TCTCAGAG,AGCAAGGT,Yakima,Yakima,Yakima,Eastern,46.707981,-120.468262,12,YK,East,C2R16B12
EWG_2019_Lib01_s061,PL01,E,8,16,3,BESC-273,Corvallis,ST2_4,Lib01,TCTCAGAG,TCTCTCTC,Core,Startup,Skykomish,BESC,47.862312,-121.782951,12,SKY,West,C3R16B12
EWG_2019_Lib01_s064,PL01,H,8,16,4,BESC-294,Corvallis,ST2_4,Lib01,TCTCAGAG,AGGTCTAC,Core,Monroe,Skykomish,BESC,47.843838,-121.974121,12,SKY,West,C4R16B12
EWG_2019_Lib01_s071,PL01,G,9,19,2,BESC-405,Corvallis,ST2_4,Lib01,TCTCAGAG,CAGTGAGA,Core,Lyman,Skagit,BESC,48.523424,-122.089363,12,SK,West,C2R19B12
EWG_2019_Lib01_s091,PL01,C,12,15,3,BESC-815,Corvallis,ST2_4,Lib01,GTGTACTG,ATCCTAGG,Core,Orting,Puyallup,BESC,47.090557,-122.215759,12,PU,West,C3R15B12
EWG_2019_Lib01_s093,PL01,E,12,12,6,BESC-1203,Corvallis,ST2_4,Lib01,TCTCAGAG,TAGGAACG,Clearwater,Clearwater,Clearwater,Eastern,46.4908,-116.450119,12,CW,East,C6R12B12
EWG_2019_Lib02_s008,PL2,H,1,4,11,BESC-273,Corvallis,ST2_4,Lib02,AACCTTCC,GGTAGCAA,Core,Startup,Skykomish,BESC,47.862312,-121.782951,2,SKY,West,C11R4B2
EWG_2019_Lib02_s010,PL2,B,2,15,2,BESC-1210,Corvallis,ST2_4,Lib02,AGAGCAGT,CGAACGAA,Clearwater,Clearwater,Clearwater,Eastern,46.361342,-116.166748,12,CW,East,C2R15B12
EWG_2019_Lib02_s022,PL2,F,3,9,8,BESC-1247,Corvallis,ST2_4,Lib02,AACCTTCC,TGTCGACA,Grand Ronde,Grand Ronde,Grand Ronde,Eastern,46.027517,-117.257401,2,GR,East,C8R9B2
EWG_2019_Lib02_s023,PL2,G,3,4,10,BESC-1220,Corvallis,ST2_4,Lib02,AACCTTCC,CAGTGAGA,Yakima,Yakima,Yakima,Eastern,47.236444,-121.170601,2,YK,East,C10R4B2
EWG_2019_Lib02_s026,PL2,B,4,21,22,BESC-1243,Corvallis,ST2_4,Lib02,AGAGCAGT,GACAGAGT,Grand Ronde,Grand Ronde,Grand Ronde,Eastern,45.957517,-117.423164,9,GR,East,C22R21B9
EWG_2019_Lib02_s035,PL2,C,5,6,10,MCMN-27-5,Corvallis,ST2_4,Lib02,AGAGCAGT,CTGTACTC,BC,McMillan_Island_,34,BC,49.183333,-122.583336,2,FR,West,C10R6B2
EWG_2019_Lib02_s037,PL2,E,5,15,22,VNDL-27-5,Corvallis,ST2_4,Lib02,AACCTTCC,ATAAGCGG,BC,VNDL,34,BC,49.15,-122.099998,9,FR,West,C22R15B9
EWG_2019_Lib02_s048,PL2,H,6,17,2,BESC-1215,Corvallis,ST2_4,Lib02,AACCTTCC,CGTTCGTT,Yakima,Yakima,Yakima,Eastern,46.883628,-120.47541,12,YK,East,C2R17B12
EWG_2019_Lib02_s052,PL2,D,7,21,2,BESC-430,Corvallis,ST2_4,Lib02,GTGTACTG,GGTAGCAA,Core,Hamilton_Island,Skagit,BESC,48.517896,-122.012955,12,SK,West,C2R21B12
EWG_2019_Lib02_s054,PL2,F,7,12,5,BESC-1232,Corvallis,ST2_4,Lib02,TCTCAGAG,AGCAAGGT,Hood River,Hood River,Hood River,Eastern,45.703567,-121.507904,12,HR,East,C5R12B12
EWG_2019_Lib02_s056,PL2,H,7,17,6,BESC-833,Corvallis,ST2_4,Lib02,TCTCAGAG,GGTAGCAA,Core,Orting,Puyallup,BESC,47.039044,-122.201614,12,PU,West,C6R17B12
EWG_2019_Lib02_s058,PL2,B,8,13,2,BESC-1202,Corvallis,ST2_4,Lib02,GTGTACTG,CGAACGAA,Clearwater,Clearwater,Clearwater,Eastern,46.511697,-116.68438,12,CW,East,C2R13B12
EWG_2019_Lib02_s063,PL2,G,8,17,5,BESC-1206,Corvallis,ST2_4,Lib02,TCTCAGAG,CACAGTCA,Clearwater,Clearwater,Clearwater,Eastern,46.148539,-115.967064,12,CW,East,C5R17B12
EWG_2019_Lib02_s069,PL2,E,9,10,12,BESC-319,Corvallis,ST2_4,Lib02,TCTCAGAG,GTACTGGT,Core,Mann_Rd,Skykomish,BESC,47.855099,-121.732903,2,SKY,West,C12R10B2
EWG_2019_Lib02_s079,PL2,G,10,14,3,BESC-1205,Corvallis,ST2_4,Lib02,TCTCAGAG,CTCTCACA,Clearwater,Clearwater,Clearwater,Eastern,46.242536,-116.041306,12,CW,East,C3R14B12
EWG_2019_Lib02_s082,PL2,B,11,3,13,BESC-1205,Corvallis,ST2_4,Lib02,GTGTACTG,GTGTCTCT,Clearwater,Clearwater,Clearwater,Eastern,46.242536,-116.041306,2,CW,East,C13R3B2
EWG_2019_Lib02_s090,PL2,B,12,7,9,BESC-1239,Corvallis,ST2_4,Lib02,GTGTACTG,TGGTTCCT,Hood River,Hood River,Hood River,Eastern,45.321853,-121.632614,2,HR,East,C9R7B2
EWG_2019_Lib02_s093,PL2,E,12,16,6,BESC-86,Corvallis,ST2_4,Lib02,TCTCAGAG,TAGGAACG,Columbia,Rainier,Columbia,BESC,46.117709,-122.991936,12,CLB,West,C6R16B12
EWG_2019_Lib03_s003,PL3,C,1,3,10,BESC-1248,Corvallis,ST2_4,Lib03,AGAGCAGT,CTTGCTTG,Grand Ronde,Grand Ronde,Grand Ronde,Eastern,45.97235,-117.404137,2,GR,East,C10R3B2
EWG_2019_Lib03_s005,PL3,E,1,17,3,BESC-421,Corvallis,ST2_4,Lib03,AACCTTCC,AGAGACAC,Core,Hamilton,Skagit,BESC,48.524266,-122.013977,12,SK,West,C3R17B12
EWG_2019_Lib03_s019,PL3,C,3,4,13,BESC-1202,Corvallis,ST2_4,Lib03,AGAGCAGT,CAGTGAGA,Clearwater,Clearwater,Clearwater,Eastern,46.511697,-116.68438,2,CW,East,C13R4B2
EWG_2019_Lib03_s040,PL3,H,5,12,3,BESC-15,Corvallis,ST2_4,Lib03,AACCTTCC,TGCACATG,Columbia,Willow_Grove,Columbia,BESC,46.163327,-123.043648,12,CLB,West,C3R12B12
EWG_2019_Lib03_s053,PL3,E,7,20,2,BESC-1204,Corvallis,ST2_4,Lib03,TCTCAGAG,AGAGACAC,Clearwater,Clearwater,Clearwater,Eastern,46.278836,-116.101776,12,CW,East,C2R20B12
EWG_2019_Lib03_s054,PL3,F,7,4,12,BESC-1231,Corvallis,ST2_4,Lib03,TCTCAGAG,AGCAAGGT,Hood River,Hood River,Hood River,Eastern,45.525436,-121.742386,2,HR,East,C12R4B2
EWG_2019_Lib03_s061,PL3,E,8,13,4,BESC-286,Corvallis,ST2_4,Lib03,TCTCAGAG,TCTCTCTC,Core,Monroe,Skykomish,BESC,47.845951,-121.969933,12,SKY,West,C4R13B12
EWG_2019_Lib03_s065,PL3,A,9,2,11,BESC-1215,Corvallis,ST2_4,Lib03,GTGTACTG,GTACTGGT,Yakima,Yakima,Yakima,Eastern,46.883628,-120.47541,2,YK,East,C11R2B2
EWG_2019_Lib03_s074,PL3,B,10,9,13,BESC-294,Corvallis,ST2_4,Lib03,GTGTACTG,GACAGAGT,Core,Monroe,Skykomish,BESC,47.843838,-121.974121,2,SKY,West,C13R9B2
EWG_2019_Lib03_s082,PL3,B,11,7,12,BESC-1206,Corvallis,ST2_4,Lib03,GTGTACTG,GTGTCTCT,Clearwater,Clearwater,Clearwater,Eastern,46.148539,-115.967064,2,CW,East,C12R7B2
EWG_2019_Lib03_s085,PL3,E,11,5,11,BESC-815,Corvallis,ST2_4,Lib03,TCTCAGAG,ATAAGCGG,Core,Orting,Puyallup,BESC,47.090557,-122.215759,2,PU,West,C11R5B2
EWG_2019_Lib03_s088,PL3,H,11,2,12,BESC-1214,Corvallis,ST2_4,Lib03,TCTCAGAG,TGCACATG,Yakima,Yakima,Yakima,Eastern,46.8141,-120.450684,2,YK,East,C12R2B2
EWG_2019_Lib03_s089,PL3,A,12,13,3,BESC-196,Corvallis,ST2_4,Lib03,GTGTACTG,TAGGAACG,Core,Orting,Puyallup,BESC,47.090095,-122.214005,12,PU,West,C3R13B12
EWG_2019_Lib01_s108,PL4,D,2,11,32,BESC-86,Corvallis,ST2_5,Lib01,AACCGGTT,AGGTCTAC,Columbia,Rainier,Columbia,BESC,46.117709,-122.991936,6,CLB,West,C32R11B6
EWG_2019_Lib01_s112,PL4,H,2,18,23,HOPF-27-5,Corvallis,ST2_5,Lib01,GATCACCA,AGGTCTAC,BC,Hope_North,34,BC,49.433333,-121.433334,9,FR,West,C23R18B9
EWG_2019_Lib01_s124,PL4,D,4,21,21,BESC-1205,Corvallis,ST2_5,Lib01,AACCGGTT,GTTGGTAC,Clearwater,Clearwater,Clearwater,Eastern,46.242536,-116.041306,9,CW,East,C21R21B9
EWG_2019_Lib01_s127,PL4,G,4,11,33,BESC-905,Corvallis,ST2_5,Lib01,GATCACCA,CTCTCACA,Core,Gold_Bar,Skykomish,BESC,47.849577,-121.695297,6,SKY,West,C33R11B6
EWG_2019_Lib01_s137,PL4,A,6,4,33,BESC-803,Corvallis,ST2_5,Lib01,AACCGGTT,TAGGAACG,Core,Orting,Puyallup,BESC,47.076718,-122.201752,6,PU,West,C33R4B6
EWG_2019_Lib01_s142,PL4,F,6,11,9,BESC-1208,Corvallis,ST2_5,Lib01,GATCACCA,TGGTTCCT,Clearwater,Clearwater,Clearwater,Eastern,46.136478,-115.592178,2,CW,East,C9R11B2
EWG_2019_Lib01_s157,PL4,E,8,13,20,BESC-1207,Corvallis,ST2_5,Lib01,CCATTAGG,TCTCTCTC,Clearwater,Clearwater,Clearwater,Eastern,46.126361,-115.786507,9,CW,East,C20R13B9
EWG_2019_Lib01_s161,PL4,A,9,10,34,BESC-103,Corvallis,ST2_5,Lib01,TGGACTAC,GTACTGGT,Columbia,Rainier,Columbia,BESC,46.11251,-122.987831,6,CLB,West,C34R10B6
EWG_2019_Lib01_s165,PL4,E,9,9,33,BESC-286,Corvallis,ST2_5,Lib01,CCATTAGG,GTACTGGT,Core,Monroe,Skykomish,BESC,47.845951,-121.969933,6,SKY,West,C33R9B6
EWG_2019_Lib01_s166,PL4,F,9,13,25,BESC-86,Corvallis,ST2_5,Lib01,CCATTAGG,TGTCGACA,Columbia,Rainier,Columbia,BESC,46.117709,-122.991936,9,CLB,West,C25R13B9
EWG_2019_Lib01_s186,PL4,B,12,5,33,BESC-421,Corvallis,ST2_5,Lib01,TGGACTAC,TGGTTCCT,Core,Hamilton,Skagit,BESC,48.524266,-122.013977,6,SK,West,C33R5B6
EWG_2019_Lib01_s188,PL4,D,12,20,4,BESC-1201,Corvallis,ST2_5,Lib01,TGGACTAC,CGTTCGTT,Clearwater,Clearwater,Clearwater,Eastern,46.447972,-116.861786,12,CW,East,C4R20B12
EWG_2019_Lib02_s107,PL5,C,2,7,35,BESC-1247,Corvallis,ST2_5,Lib02,AACCGGTT,CACAGTCA,Grand Ronde,Grand Ronde,Grand Ronde,Eastern,46.027517,-117.257401,6,GR,East,C35R7B6
EWG_2019_Lib02_s110,PL5,F,2,8,13,HOPF-27-5,Corvallis,ST2_5,Lib02,GATCACCA,CGAACGAA,BC,Hope_North,34,BC,49.433333,-121.433334,2,FR,West,C13R8B2
EWG_2019_Lib02_s136,PL5,H,5,9,32,BESC-1219,Corvallis,ST2_5,Lib02,GATCACCA,TGCACATG,Yakima,Yakima,Yakima,Eastern,47.173561,-120.859276,6,YK,East,C32R9B6
EWG_2019_Lib02_s143,PL5,G,6,16,23,BESC-1210,Corvallis,ST2_5,Lib02,GATCACCA,ATCCTAGG,Clearwater,Clearwater,Clearwater,Eastern,46.361342,-116.166748,9,CW,East,C23R16B9
EWG_2019_Lib02_s162,PL5,B,9,6,12,BESC-1204,Corvallis,ST2_5,Lib02,TGGACTAC,TGTCGACA,Clearwater,Clearwater,Clearwater,Eastern,46.278836,-116.101776,2,CW,East,C12R6B2
EWG_2019_Lib02_s165,PL5,E,9,15,6,BESC-258,Corvallis,ST2_5,Lib02,CCATTAGG,GTACTGGT,Core,Monroe,Skykomish,BESC,47.841153,-121.982635,12,SKY,West,C6R15B12
EWG_2019_Lib02_s174,PL5,F,10,14,4,BESC-42,Corvallis,ST2_5,Lib02,CCATTAGG,GACAGAGT,Columbia,Talley_Way,Columbia,BESC,46.102311,-122.880493,12,CLB,West,C4R14B12
EWG_2019_Lib02_s177,PL5,A,11,21,3,BESC-1239,Corvallis,ST2_5,Lib02,TGGACTAC,ATAAGCGG,Hood River,Hood River,Hood River,Eastern,45.321853,-121.632614,12,HR,East,C3R21B12
EWG_2019_Lib02_s181,PL5,E,11,10,32,BESC-1243,Corvallis,ST2_5,Lib02,CCATTAGG,ATAAGCGG,Grand Ronde,Grand Ronde,Grand Ronde,Eastern,45.957517,-117.423164,6,GR,East,C32R10B6
EWG_2019_Lib02_s184,PL5,H,11,12,25,BESC-273,Corvallis,ST2_5,Lib02,CCATTAGG,TGCACATG,Core,Startup,Skykomish,BESC,47.862312,-121.782951,9,SKY,West,C25R12B9
EWG_2019_Lib03_s101,PL6,E,1,9,11,BESC-1232,Corvallis,ST2_5,Lib03,GATCACCA,AGAGACAC,Hood River,Hood River,Hood River,Eastern,45.703567,-121.507904,2,HR,East,C11R9B2
EWG_2019_Lib03_s106,PL6,B,2,6,13,BESC-833,Corvallis,ST2_5,Lib03,AACCGGTT,CGAACGAA,Core,Orting,Puyallup,BESC,47.039044,-122.201614,2,PU,West,C13R6B2
EWG_2019_Lib03_s108,PL6,D,2,8,9,BESC-1209,Corvallis,ST2_5,Lib03,AACCGGTT,AGGTCTAC,Clearwater,Clearwater,Clearwater,Eastern,46.0903,-115.528992,2,CW,East,C9R8B2
EWG_2019_Lib03_s111,PL6,G,2,3,12,BESC-1203,Corvallis,ST2_5,Lib03,GATCACCA,CACAGTCA,Clearwater,Clearwater,Clearwater,Eastern,46.4908,-116.450119,2,CW,East,C12R3B2
EWG_2019_Lib03_s116,PL6,D,3,2,10,YALD-27-5,Corvallis,ST2_5,Lib03,AACCGGTT,GCATGGAA,BC,Yale_West,34,BC,49.566667,-121.466667,2,FR,West,C10R2B2
EWG_2019_Lib03_s117,PL6,E,3,14,2,BESC-351,Corvallis,ST2_5,Lib03,GATCACCA,GTACTGGT,Core,Skiou_Island,Skagit,BESC,48.494723,-122.15432,12,SK,West,C2R14B12
EWG_2019_Lib03_s119,PL6,G,3,12,2,BESC-803,Corvallis,ST2_5,Lib03,GATCACCA,CAGTGAGA,Core,Orting,Puyallup,BESC,47.076718,-122.201752,12,PU,West,C2R12B12
EWG_2019_Lib03_s126,PL6,F,4,5,13,BESC-351,Corvallis,ST2_5,Lib03,GATCACCA,GACAGAGT,Core,Skiou_Island,Skagit,BESC,48.494723,-122.15432,2,SK,West,C13R5B2
EWG_2019_Lib03_s127,PL6,G,4,8,33,BESC-1209,Corvallis,ST2_5,Lib03,GATCACCA,CTCTCACA,Clearwater,Clearwater,Clearwater,Eastern,46.0903,-115.528992,6,CW,East,C33R8B6
EWG_2019_Lib03_s130,PL6,B,5,17,21,BESC-1227,Corvallis,ST2_5,Lib03,AACCGGTT,GTGTCTCT,Little Salmon,Little Salmon,Little Salmon,Eastern,45.23405,-116.325348,9,LS,East,C21R17B9
EWG_2019_Lib03_s133,PL6,E,5,14,25,BESC-815,Corvallis,ST2_5,Lib03,GATCACCA,ATAAGCGG,Core,Orting,Puyallup,BESC,47.090557,-122.215759,9,PU,West,C25R14B9
EWG_2019_Lib03_s135,PL6,G,5,2,36,BESC-1239,Corvallis,ST2_5,Lib03,GATCACCA,CTGTACTC,Hood River,Hood River,Hood River,Eastern,45.321853,-121.632614,6,HR,East,C36R2B6
EWG_2019_Lib03_s139,PL6,C,6,7,13,BESC-196,Corvallis,ST2_5,Lib03,AACCGGTT,ATCCTAGG,Core,Orting,Puyallup,BESC,47.090095,-122.214005,2,PU,West,C13R7B2
EWG_2019_Lib03_s140,PL6,D,6,16,5,BESC-230,Corvallis,ST2_5,Lib03,AACCGGTT,CGTTCGTT,Core,Orting,Puyallup,BESC,47.058627,-122.192513,12,PU,West,C5R16B12
EWG_2019_Lib03_s146,PL6,B,7,10,9,HRSP-27-5,Corvallis,ST2_5,Lib03,TGGACTAC,AGCAAGGT,BC,HRSP,34,BC,49.233333,-121.849998,2,FR,West,C9R10B2
EWG_2019_Lib03_s147,PL6,C,7,19,3,YALD-27-5,Corvallis,ST2_5,Lib03,TGGACTAC,CTTGCTTG,BC,Yale_West,34,BC,49.566667,-121.466667,12,FR,West,C3R19B12
EWG_2019_Lib03_s149,PL6,E,7,4,32,BESC-430,Corvallis,ST2_5,Lib03,CCATTAGG,AGAGACAC,Core,Hamilton_Island,Skagit,BESC,48.517896,-122.012955,6,SK,West,C32R4B6
EWG_2019_Lib03_s161,PL6,A,9,17,4,BESC-1248,Corvallis,ST2_5,Lib03,TGGACTAC,GTACTGGT,Grand Ronde,Grand Ronde,Grand Ronde,Eastern,45.97235,-117.404137,12,GR,East,C4R17B12
EWG_2019_Lib03_s163,PL6,C,9,12,22,BESC-1219,Corvallis,ST2_5,Lib03,TGGACTAC,CAGTGAGA,Yakima,Yakima,Yakima,Eastern,47.173561,-120.859276,9,YK,East,C22R12B9
EWG_2019_Lib03_s167,PL6,G,9,8,32,BESC-1203,Corvallis,ST2_5,Lib03,CCATTAGG,CAGTGAGA,Clearwater,Clearwater,Clearwater,Eastern,46.4908,-116.450119,6,CW,East,C32R8B6
EWG_2019_Lib03_s168,PL6,H,9,7,32,BESC-388,Corvallis,ST2_5,Lib03,CCATTAGG,GCATGGAA,Core,Utopia_Rd,Skagit,BESC,48.515065,-122.109436,6,SK,West,C32R7B6
EWG_2019_Lib03_s172,PL6,D,10,14,20,BESC-1206,Corvallis,ST2_5,Lib03,TGGACTAC,GTTGGTAC,Clearwater,Clearwater,Clearwater,Eastern,46.148539,-115.967064,9,CW,East,C20R14B9
EWG_2019_Lib01_s193,PL7,A,1,20,23,BESC-388,Corvallis,ST2_6,Lib01,TGGTGAAG,AGAGACAC,Core,Utopia_Rd,Skagit,BESC,48.515065,-122.109436,9,SK,West,C23R20B9
EWG_2019_Lib01_s203,PL7,C,2,17,24,BESC-1203,Corvallis,ST2_6,Lib01,TGGTGAAG,CACAGTCA,Clearwater,Clearwater,Clearwater,Eastern,46.4908,-116.450119,9,CW,East,C24R17B9
EWG_2019_Lib01_s205,PL7,E,2,11,36,BESC-351,Corvallis,ST2_6,Lib01,ACGATGCT,TCTCTCTC,Core,Skiou_Island,Skagit,BESC,48.494723,-122.15432,6,SK,West,C36R11B6
EWG_2019_Lib01_s208,PL7,H,2,6,33,YALD-27-5,Corvallis,ST2_6,Lib01,ACGATGCT,AGGTCTAC,BC,Yale_West,34,BC,49.566667,-121.466667,6,FR,West,C33R6B6
EWG_2019_Lib01_s211,PL7,C,3,6,35,BESC-1212,Corvallis,ST2_6,Lib01,TGGTGAAG,CAGTGAGA,Yakima,Yakima,Yakima,Eastern,46.707981,-120.468262,6,YK,East,C35R6B6
EWG_2019_Lib01_s230,PL7,F,5,6,8,WELC-27-5,Corvallis,ST2_6,Lib01,ACGATGCT,GTGTCTCT,BC,Wellington_Bar,34,BC,49.666667,-121.416664,2,FR,West,C8R6B2
EWG_2019_Lib01_s232,PL7,H,5,7,36,BESC-1202,Corvallis,ST2_6,Lib01,ACGATGCT,TGCACATG,Clearwater,Clearwater,Clearwater,Eastern,46.511697,-116.68438,6,CW,East,C36R7B6
EWG_2019_Lib01_s234,PL7,B,6,11,11,BESC-388,Corvallis,ST2_6,Lib01,TGGTGAAG,TGGTTCCT,Core,Utopia_Rd,Skagit,BESC,48.515065,-122.109436,2,SK,West,C11R11B2
EWG_2019_Lib01_s239,PL7,G,6,9,36,BESC-815,Corvallis,ST2_6,Lib01,ACGATGCT,ATCCTAGG,Core,Orting,Puyallup,BESC,47.090557,-122.215759,6,PU,West,C36R9B6
EWG_2019_Lib01_s247,PL7,G,7,20,20,HRSP-27-5,Corvallis,ST2_6,Lib01,CGCGATTA,CTTGCTTG,BC,HRSP,34,BC,49.233333,-121.849998,9,FR,West,C20R20B9
EWG_2019_Lib01_s248,PL7,H,7,6,34,BESC-1241,Corvallis,ST2_6,Lib01,CGCGATTA,GGTAGCAA,Grand Ronde,Grand Ronde,Grand Ronde,Eastern,45.455583,-117.41938,6,GR,East,C34R6B6
EWG_2019_Lib01_s256,PL7,H,8,5,37,BESC-184,Corvallis,ST2_6,Lib01,CGCGATTA,AGGTCTAC,Core,Orting,Puyallup,BESC,47.084244,-122.204559,6,PU,West,C37R5B6
EWG_2019_Lib01_s261,PL7,E,9,8,34,BESC-1226,Corvallis,ST2_6,Lib01,CGCGATTA,GTACTGGT,Little Salmon,Little Salmon,Little Salmon,Eastern,45.223017,-116.320435,6,LS,East,C34R8B6
EWG_2019_Lib01_s267,PL7,C,10,11,35,BESC-319,Corvallis,ST2_6,Lib01,GACAACTC,CTCTCACA,Core,Mann_Rd,Skykomish,BESC,47.855099,-121.732903,6,SKY,West,C35R11B6
EWG_2019_Lib01_s275,PL7,C,11,15,4,BESC-1243,Corvallis,ST2_6,Lib01,GACAACTC,CTGTACTC,Grand Ronde,Grand Ronde,Grand Ronde,Eastern,45.957517,-117.423164,12,GR,East,C4R15B12
EWG_2019_Lib02_s194,PL8,B,1,7,11,BESC-286,Corvallis,ST2_6,Lib02,TGGTGAAG,AGCAAGGT,Core,Monroe,Skykomish,BESC,47.845951,-121.969933,2,SKY,West,C11R7B2
EWG_2019_Lib02_s195,PL8,C,1,16,24,BESC-103,Corvallis,ST2_6,Lib02,TGGTGAAG,CTTGCTTG,Columbia,Rainier,Columbia,BESC,46.11251,-122.987831,9,CLB,West,C24R16B9
EWG_2019_Lib02_s196,PL8,D,1,15,21,BESC-184,Corvallis,ST2_6,Lib02,TGGTGAAG,GGTAGCAA,Core,Orting,Puyallup,BESC,47.084244,-122.204559,9,PU,West,C21R15B9
EWG_2019_Lib02_s203,PL8,C,2,9,10,BESC-230,Corvallis,ST2_6,Lib02,TGGTGAAG,CACAGTCA,Core,Orting,Puyallup,BESC,47.058627,-122.192513,2,PU,West,C10R9B2
EWG_2019_Lib02_s204,PL8,D,2,14,5,HRSP-27-5,Corvallis,ST2_6,Lib02,TGGTGAAG,AGGTCTAC,BC,HRSP,34,BC,49.233333,-121.849998,12,FR,West,C5R14B12
EWG_2019_Lib02_s212,PL8,D,3,18,24,BESC-405,Corvallis,ST2_6,Lib02,TGGTGAAG,GCATGGAA,Core,Lyman,Skagit,BESC,48.523424,-122.089363,9,SK,West,C24R18B9
EWG_2019_Lib02_s214,PL8,F,3,10,36,MCMN-27-5,Corvallis,ST2_6,Lib02,ACGATGCT,TGTCGACA,BC,McMillan_Island_,34,BC,49.183333,-122.583336,6,FR,West,C36R10B6
EWG_2019_Lib02_s217,PL8,A,4,14,23,BESC-1231,Corvallis,ST2_6,Lib02,TGGTGAAG,GCAACGTT,Hood River,Hood River,Hood River,Eastern,45.525436,-121.742386,9,HR,East,C23R14B9
EWG_2019_Lib02_s224,PL8,H,4,21,23,BESC-1201,Corvallis,ST2_6,Lib02,ACGATGCT,GTTGGTAC,Clearwater,Clearwater,Clearwater,Eastern,46.447972,-116.861786,9,CW,East,C23R21B9
EWG_2019_Lib02_s244,PL8,D,7,3,33,BESC-15,Corvallis,ST2_6,Lib02,GACAACTC,GGTAGCAA,Columbia,Willow_Grove,Columbia,BESC,46.163327,-123.043648,6,CLB,West,C33R3B6
EWG_2019_Lib02_s253,PL8,E,8,5,34,BESC-80,Corvallis,ST2_6,Lib02,CGCGATTA,TCTCTCTC,Columbia,Rainier,Columbia,BESC,46.119186,-122.995293,6,CLB,West,C34R5B6
EWG_2019_Lib02_s258,PL8,B,9,20,22,BESC-230,Corvallis,ST2_6,Lib02,GACAACTC,TGTCGACA,Core,Orting,Puyallup,BESC,47.058627,-122.192513,9,PU,West,C22R20B9
EWG_2019_Lib02_s264,PL8,H,9,20,25,BESC-1229,Corvallis,ST2_6,Lib02,CGCGATTA,GCATGGAA,Little Salmon,Little Salmon,Little Salmon,Eastern,45.323783,-116.349113,9,LS,East,C25R20B9
EWG_2019_Lib02_s268,PL8,D,10,15,20,BESC-1241,Corvallis,ST2_6,Lib02,GACAACTC,GTTGGTAC,Grand Ronde,Grand Ronde,Grand Ronde,Eastern,45.455583,-117.41938,9,GR,East,C20R15B9
EWG_2019_Lib02_s272,PL8,H,10,17,23,BESC-1244,Corvallis,ST2_6,Lib02,CGCGATTA,GTTGGTAC,Grand Ronde,Grand Ronde,Grand Ronde,Eastern,46.007783,-117.364754,9,GR,East,C23R17B9
EWG_2019_Lib02_s278,PL8,F,11,19,23,BESC-803,Corvallis,ST2_6,Lib02,CGCGATTA,GTGTCTCT,Core,Orting,Puyallup,BESC,47.076718,-122.201752,9,PU,West,C23R19B9
EWG_2019_Lib02_s279,PL8,G,11,7,10,BESC-1241,Corvallis,ST2_6,Lib02,CGCGATTA,CTGTACTC,Grand Ronde,Grand Ronde,Grand Ronde,Eastern,45.455583,-117.41938,2,GR,East,C10R7B2
EWG_2019_Lib02_s284,PL8,D,12,6,32,BESC-833,Corvallis,ST2_6,Lib02,GACAACTC,CGTTCGTT,Core,Orting,Puyallup,BESC,47.039044,-122.201614,6,PU,West,C32R6B6
EWG_2019_Lib03_s203,PL9,C,2,3,36,HRSP-27-5,Corvallis,ST2_6,Lib03,TGGTGAAG,CACAGTCA,BC,HRSP,34,BC,49.233333,-121.849998,6,FR,West,C36R3B6
EWG_2019_Lib03_s204,PL9,D,2,15,24,BESC-1239,Corvallis,ST2_6,Lib03,TGGTGAAG,AGGTCTAC,Hood River,Hood River,Hood River,Eastern,45.321853,-121.632614,9,HR,East,C24R15B9
EWG_2019_Lib03_s210,PL9,B,3,19,21,BESC-1247,Corvallis,ST2_6,Lib03,TGGTGAAG,TGTCGACA,Grand Ronde,Grand Ronde,Grand Ronde,Eastern,46.027517,-117.257401,9,GR,East,C21R19B9
EWG_2019_Lib03_s214,PL9,F,3,16,20,BESC-430,Corvallis,ST2_6,Lib03,ACGATGCT,TGTCGACA,Core,Hamilton_Island,Skagit,BESC,48.517896,-122.012955,9,SK,West,C20R16B9
EWG_2019_Lib03_s220,PL9,D,4,15,25,WELC-27-5,Corvallis,ST2_6,Lib03,TGGTGAAG,GTTGGTAC,BC,Wellington_Bar,34,BC,49.666667,-121.416664,9,FR,West,C25R15B9
EWG_2019_Lib03_s235,PL9,C,6,13,21,BESC-1220,Corvallis,ST2_6,Lib03,TGGTGAAG,ATCCTAGG,Yakima,Yakima,Yakima,Eastern,47.236444,-121.170601,9,YK,East,C21R13B9
EWG_2019_Lib03_s252,PL9,D,8,10,35,BESC-258,Corvallis,ST2_6,Lib03,GACAACTC,AGGTCTAC,Core,Monroe,Skykomish,BESC,47.841153,-121.982635,6,SKY,West,C35R10B6
EWG_2019_Lib03_s254,PL9,F,8,5,36,BESC-1215,Corvallis,ST2_6,Lib03,CGCGATTA,CGAACGAA,Yakima,Yakima,Yakima,Eastern,46.883628,-120.47541,6,YK,East,C36R5B6
EWG_2019_Lib03_s255,PL9,G,8,3,32,BESC-1206,Corvallis,ST2_6,Lib03,CGCGATTA,CACAGTCA,Clearwater,Clearwater,Clearwater,Eastern,46.148539,-115.967064,6,CW,East,C32R3B6
EWG_2019_Lib03_s259,PL9,C,9,18,4,BESC-1209,Corvallis,ST2_6,Lib03,GACAACTC,CAGTGAGA,Clearwater,Clearwater,Clearwater,Eastern,46.0903,-115.528992,12,CW,East,C4R18B12
EWG_2019_Lib03_s261,PL9,E,9,19,25,BESC-905,Corvallis,ST2_6,Lib03,CGCGATTA,GTACTGGT,Core,Gold_Bar,Skykomish,BESC,47.849577,-121.695297,9,SKY,West,C25R19B9
EWG_2019_Lib03_s267,PL9,C,10,17,25,BESC-294,Corvallis,ST2_6,Lib03,GACAACTC,CTCTCACA,Core,Monroe,Skykomish,BESC,47.843838,-121.974121,9,SKY,West,C25R17B9
EWG_2019_Lib03_s278,PL9,F,11,6,37,BESC-294,Corvallis,ST2_6,Lib03,CGCGATTA,GTGTCTCT,Core,Monroe,Skykomish,BESC,47.843838,-121.974121,6,SKY,West,C37R6B6
EWG_2019_Lib03_s281,PL9,A,12,3,34,BESC-1220,Corvallis,ST2_6,Lib03,GACAACTC,TAGGAACG,Yakima,Yakima,Yakima,Eastern,47.236444,-121.170601,6,YK,East,C34R3B6
EWG_2019_Lib03_s283,PL9,C,12,18,20,BESC-1248,Corvallis,ST2_6,Lib03,GACAACTC,ATCCTAGG,Grand Ronde,Grand Ronde,Grand Ronde,Eastern,45.97235,-117.404137,9,GR,East,C20R18B9
EWG_2019_Lib01_s289,PL10,A,1,9,35,BESC-465,Corvallis,ST2_7,Lib01,TCGTAGCA,AGAGACAC,Core,Lyman_Island,Skagit,BESC,48.51838,-122.05242200000001,6,SK,West,C35R9B6
EWG_2019_Lib01_s297,PL10,A,2,12,23,MCMN-27-5,Corvallis,ST2_7,Lib01,TCGTAGCA,TCTCTCTC,BC,McMillan_Island_,34,BC,49.183333,-122.583336,9,FR,West,C23R12B9
EWG_2019_Lib01_s300,PL10,D,2,16,21,BESC-286,Corvallis,ST2_7,Lib01,TCGTAGCA,AGGTCTAC,Core,Monroe,Skykomish,BESC,47.845951,-121.969933,9,SKY,West,C21R16B9
EWG_2019_Lib01_s313,PL10,A,4,14,24,BESC-1214,Corvallis,ST2_7,Lib01,TCGTAGCA,GCAACGTT,Yakima,Yakima,Yakima,Eastern,46.8141,-120.450684,9,YK,East,C24R14B9
EWG_2019_Lib01_s318,PL10,F,4,7,34,BESC-137,Corvallis,ST2_7,Lib01,GTAGCTTG,GACAGAGT,Columbia,Rainier,Columbia,BESC,46.110816,-122.980255,6,CLB,West,C34R7B6
EWG_2019_Lib01_s321,PL10,A,5,4,34,BESC-1228,Corvallis,ST2_7,Lib01,TCGTAGCA,ATAAGCGG,Little Salmon,Little Salmon,Little Salmon,Eastern,45.26745,-116.342087,6,LS,East,C34R4B6
EWG_2019_Lib01_s323,PL10,C,5,20,24,BESC-1232,Corvallis,ST2_7,Lib01,TCGTAGCA,CTGTACTC,Hood River,Hood River,Hood River,Eastern,45.703567,-121.507904,9,HR,East,C24R20B9
EWG_2019_Lib01_s329,PL10,A,6,14,21,BESC-421,Corvallis,ST2_7,Lib01,TCGTAGCA,TAGGAACG,Core,Hamilton,Skagit,BESC,48.524266,-122.013977,9,SK,West,C21R14B9
EWG_2019_Lib01_s337,PL10,A,7,3,35,BESC-1231,Corvallis,ST2_7,Lib01,TATAGCGC,AGAGACAC,Hood River,Hood River,Hood River,Eastern,45.525436,-121.742386,6,HR,East,C35R3B6
EWG_2019_Lib01_s341,PL10,E,7,12,20,BESC-42,Corvallis,ST2_7,Lib01,ATCGGCAT,AGAGACAC,Columbia,Talley_Way,Columbia,BESC,46.102311,-122.880493,9,CLB,West,C20R12B9
EWG_2019_Lib01_s356,PL10,D,9,2,35,BESC-1201,Corvallis,ST2_7,Lib01,TATAGCGC,GCATGGAA,Clearwater,Clearwater,Clearwater,Eastern,46.447972,-116.861786,6,CW,East,C35R2B6
EWG_2019_Lib01_s357,PL10,E,9,2,33,BESC-1248,Corvallis,ST2_7,Lib01,ATCGGCAT,GTACTGGT,Grand Ronde,Grand Ronde,Grand Ronde,Eastern,45.97235,-117.404137,6,GR,East,C33R2B6
EWG_2019_Lib01_s359,PL10,G,9,5,35,BESC-405,Corvallis,ST2_7,Lib01,ATCGGCAT,CAGTGAGA,Core,Lyman,Skagit,BESC,48.523424,-122.089363,6,SK,West,C35R5B6
EWG_2019_Lib01_s369,PL10,A,11,10,33,HOPF-27-5,Corvallis,ST2_7,Lib01,TATAGCGC,ATAAGCGG,BC,Hope_North,34,BC,49.433333,-121.433334,6,FR,West,C33R10B6
EWG_2019_Lib01_s372,PL10,D,11,12,24,BESC-196,Corvallis,ST2_7,Lib01,TATAGCGC,TGCACATG,Core,Orting,Puyallup,BESC,47.090095,-122.214005,9,PU,West,C24R12B9
EWG_2019_Lib01_s376,PL10,H,11,9,34,BESC-1232,Corvallis,ST2_7,Lib01,ATCGGCAT,TGCACATG,Hood River,Hood River,Hood River,Eastern,45.703567,-121.507904,6,HR,East,C34R9B6
EWG_2019_Lib01_s377,PL10,A,12,11,34,WELC-27-5,Corvallis,ST2_7,Lib01,TATAGCGC,TAGGAACG,BC,Wellington_Bar,34,BC,49.666667,-121.416664,6,FR,West,C34R11B6
EWG_2019_Lib02_s289,PL11,A,1,16,25,YALD-27-5,Corvallis,ST2_7,Lib02,TCGTAGCA,AGAGACAC,BC,Yale_West,34,BC,49.566667,-121.466667,9,FR,West,C25R16B9
EWG_2019_Lib02_s295,PL11,G,1,19,24,BESC-1204,Corvallis,ST2_7,Lib02,GTAGCTTG,CTTGCTTG,Clearwater,Clearwater,Clearwater,Eastern,46.278836,-116.101776,9,CW,East,C24R19B9
EWG_2019_Lib02_s301,PL11,E,2,7,33,BESC-1214,Corvallis,ST2_7,Lib02,GTAGCTTG,TCTCTCTC,Yakima,Yakima,Yakima,Eastern,46.8141,-120.450684,6,YK,East,C33R7B6
EWG_2019_Lib02_s305,PL11,A,3,20,21,BESC-1208,Corvallis,ST2_7,Lib02,TCGTAGCA,GTACTGGT,Clearwater,Clearwater,Clearwater,Eastern,46.136478,-115.592178,9,CW,East,C21R20B9
EWG_2019_Lib02_s308,PL11,D,3,12,21,BESC-258,Corvallis,ST2_7,Lib02,TCGTAGCA,GCATGGAA,Core,Monroe,Skykomish,BESC,47.841153,-121.982635,9,SKY,West,C21R12B9
EWG_2019_Lib02_s320,PL11,H,4,21,25,BESC-1226,Corvallis,ST2_7,Lib02,GTAGCTTG,GTTGGTAC,Little Salmon,Little Salmon,Little Salmon,Eastern,45.223017,-116.320435,9,LS,East,C25R21B9
EWG_2019_Lib02_s322,PL11,B,5,5,32,VNDL-27-5,Corvallis,ST2_7,Lib02,TCGTAGCA,GTGTCTCT,BC,VNDL,34,BC,49.15,-122.099998,6,FR,West,C32R5B6
EWG_2019_Lib02_s330,PL11,B,6,4,35,BESC-1244,Corvallis,ST2_7,Lib02,TCGTAGCA,TGGTTCCT,Grand Ronde,Grand Ronde,Grand Ronde,Eastern,46.007783,-117.364754,6,GR,East,C35R4B6
EWG_2019_Lib02_s341,PL11,E,7,13,23,BESC-465,Corvallis,ST2_7,Lib02,ATCGGCAT,AGAGACAC,Core,Lyman_Island,Skagit,BESC,48.51838,-122.05242200000001,9,SK,West,C23R13B9
EWG_2019_Lib02_s342,PL11,F,7,8,35,BESC-1204,Corvallis,ST2_7,Lib02,ATCGGCAT,AGCAAGGT,Clearwater,Clearwater,Clearwater,Eastern,46.278836,-116.101776,6,CW,East,C35R8B6
EWG_2019_Lib02_s349,PL11,E,8,15,23,BESC-1215,Corvallis,ST2_7,Lib02,ATCGGCAT,TCTCTCTC,Yakima,Yakima,Yakima,Eastern,46.883628,-120.47541,9,YK,East,C23R15B9
EWG_2019_Lib02_s373,PL11,E,11,6,36,BESC-230,Corvallis,ST2_7,Lib02,ATCGGCAT,ATAAGCGG,Core,Orting,Puyallup,BESC,47.058627,-122.192513,6,PU,West,C36R6B6
EWG_2019_Lib02_s377,PL11,A,12,19,20,BESC-1202,Corvallis,ST2_7,Lib02,TATAGCGC,TAGGAACG,Clearwater,Clearwater,Clearwater,Eastern,46.511697,-116.68438,9,CW,East,C20R19B9
EWG_2019_Lib03_s292,PL12,D,1,14,22,BESC-80,Corvallis,ST2_7,Lib03,TCGTAGCA,GGTAGCAA,Columbia,Rainier,Columbia,BESC,46.119186,-122.995293,9,CLB,West,C22R14B9
EWG_2019_Lib03_s295,PL12,G,1,10,13,BESC-80,Corvallis,ST2_7,Lib03,GTAGCTTG,CTTGCTTG,Columbia,Rainier,Columbia,BESC,46.119186,-122.995293,2,CLB,West,C13R10B2
EWG_2019_Lib03_s296,PL12,H,1,19,5,BESC-1227,Corvallis,ST2_7,Lib03,GTAGCTTG,GGTAGCAA,Little Salmon,Little Salmon,Little Salmon,Eastern,45.23405,-116.325348,12,LS,East,C5R19B12
EWG_2019_Lib03_s297,PL12,A,2,6,11,BESC-430,Corvallis,ST2_7,Lib03,TCGTAGCA,TCTCTCTC,Core,Hamilton_Island,Skagit,BESC,48.517896,-122.012955,2,SK,West,C11R6B2
EWG_2019_Lib03_s298,PL12,B,2,11,8,BESC-1201,Corvallis,ST2_7,Lib03,TCGTAGCA,CGAACGAA,Clearwater,Clearwater,Clearwater,Eastern,46.447972,-116.861786,2,CW,East,C8R11B2
EWG_2019_Lib03_s299,PL12,C,2,9,12,BESC-405,Corvallis,ST2_7,Lib03,TCGTAGCA,CACAGTCA,Core,Lyman,Skagit,BESC,48.523424,-122.089363,2,SK,West,C12R9B2
EWG_2019_Lib03_s304,PL12,H,2,8,12,BESC-1243,Corvallis,ST2_7,Lib03,GTAGCTTG,AGGTCTAC,Grand Ronde,Grand Ronde,Grand Ronde,Eastern,45.957517,-117.423164,2,GR,East,C12R8B2
EWG_2019_Lib03_s310,PL12,F,3,2,13,YK-unk,Corvallis,ST2_7,Lib03,GTAGCTTG,TGTCGACA,NA,NA,NA,NA,NA,NA,2,YK,East,C13R2B2
EWG_2019_Lib03_s311,PL12,G,3,3,11,VNDL-27-5,Corvallis,ST2_7,Lib03,GTAGCTTG,CAGTGAGA,BC,VNDL,34,BC,49.15,-122.099998,2,FR,West,C11R3B2
EWG_2019_Lib03_s317,PL12,E,4,14,7,BESC-1214,Corvallis,ST2_7,Lib03,GTAGCTTG,GCAACGTT,Yakima,Yakima,Yakima,Eastern,46.8141,-120.450684,12,YK,East,C7R14B12
EWG_2019_Lib03_s331,PL12,C,6,15,5,BESC-1219,Corvallis,ST2_7,Lib03,TCGTAGCA,ATCCTAGG,Yakima,Yakima,Yakima,Eastern,47.173561,-120.859276,12,YK,East,C5R15B12
EWG_2019_Lib03_s334,PL12,F,6,10,8,BESC-1212,Corvallis,ST2_7,Lib03,GTAGCTTG,TGGTTCCT,Yakima,Yakima,Yakima,Eastern,46.707981,-120.468262,2,YK,East,C8R10B2
EWG_2019_Lib03_s336,PL12,H,6,17,22,BESC-1249,Corvallis,ST2_7,Lib03,GTAGCTTG,CGTTCGTT,Grand Ronde,Grand Ronde,Grand Ronde,Eastern,45.3518,-117.229782,9,GR,East,C22R17B9
EWG_2019_Lib03_s339,PL12,C,7,21,5,BESC-905,Corvallis,ST2_7,Lib03,TATAGCGC,CTTGCTTG,Core,Gold_Bar,Skykomish,BESC,47.849577,-121.695297,12,SKY,West,C5R21B12
EWG_2019_Lib03_s344,PL12,H,7,12,7,BESC-1241,Corvallis,ST2_7,Lib03,ATCGGCAT,GGTAGCAA,Grand Ronde,Grand Ronde,Grand Ronde,Eastern,45.455583,-117.41938,12,GR,East,C7R12B12
EWG_2019_Lib03_s347,PL12,C,8,4,8,BESC-103,Corvallis,ST2_7,Lib03,TATAGCGC,CACAGTCA,Columbia,Rainier,Columbia,BESC,46.11251,-122.987831,2,CLB,West,C8R4B2
EWG_2019_Lib03_s350,PL12,F,8,8,11,BESC-1228,Corvallis,ST2_7,Lib03,ATCGGCAT,CGAACGAA,Little Salmon,Little Salmon,Little Salmon,Eastern,45.26745,-116.342087,2,LS,East,C11R8B2
EWG_2019_Lib03_s351,PL12,G,8,6,9,BESC-1219,Corvallis,ST2_7,Lib03,ATCGGCAT,CACAGTCA,Yakima,Yakima,Yakima,Eastern,47.173561,-120.859276,2,YK,East,C9R6B2
EWG_2019_Lib03_s354,PL12,B,9,8,8,BESC-137,Corvallis,ST2_7,Lib03,TATAGCGC,TGTCGACA,Columbia,Rainier,Columbia,BESC,46.110816,-122.980255,2,CLB,West,C8R8B2
EWG_2019_Lib03_s356,PL12,D,9,10,11,BESC-1227,Corvallis,ST2_7,Lib03,TATAGCGC,GCATGGAA,Little Salmon,Little Salmon,Little Salmon,Eastern,45.23405,-116.325348,2,LS,East,C11R10B2
EWG_2019_Lib03_s357,PL12,E,9,18,22,BESC-351,Corvallis,ST2_7,Lib03,ATCGGCAT,GTACTGGT,Core,Skiou_Island,Skagit,BESC,48.494723,-122.15432,9,SK,West,C22R18B9
EWG_2019_Lib03_s359,PL12,G,9,3,9,BESC-1226,Corvallis,ST2_7,Lib03,ATCGGCAT,CAGTGAGA,Little Salmon,Little Salmon,Little Salmon,Eastern,45.223017,-116.320435,2,LS,East,C9R3B2
EWG_2019_Lib03_s363,PL12,C,10,11,10,BESC-803,Corvallis,ST2_7,Lib03,TATAGCGC,CTCTCACA,Core,Orting,Puyallup,BESC,47.076718,-122.201752,2,PU,West,C10R11B2
EWG_2019_Lib03_s377,PL12,A,12,13,7,BESC-1220,Corvallis,ST2_7,Lib03,TATAGCGC,TAGGAACG,Yakima,Yakima,Yakima,Eastern,47.236444,-121.170601,12,YK,East,C7R13B12
EWG_2019_Lib01_s386,PL13,B,1,20,5,BESC-184,Corvallis,ST2_8,Lib01,CACTTCTG,AGCAAGGT,Core,Orting,Puyallup,BESC,47.084244,-122.204559,12,PU,West,C5R20B12
EWG_2019_Lib01_s387,PL13,C,1,21,4,BESC-1231,Corvallis,ST2_8,Lib01,CACTTCTG,CTTGCTTG,Hood River,Hood River,Hood River,Eastern,45.525436,-121.742386,12,HR,East,C4R21B12
EWG_2019_Lib01_s395,PL13,C,2,5,10,BESC-1244,Corvallis,ST2_8,Lib01,CACTTCTG,CACAGTCA,Grand Ronde,Grand Ronde,Grand Ronde,Eastern,46.007783,-117.364754,2,GR,East,C10R5B2
EWG_2019_Lib01_s400,PL13,H,2,18,6,BESC-103,Corvallis,ST2_8,Lib01,TGACGAGA,AGGTCTAC,Columbia,Rainier,Columbia,BESC,46.11251,-122.987831,12,CLB,West,C6R18B12
EWG_2019_Lib01_s401,PL13,A,3,15,7,BESC-1249,Corvallis,ST2_8,Lib01,CACTTCTG,GTACTGGT,Grand Ronde,Grand Ronde,Grand Ronde,Eastern,45.3518,-117.229782,12,GR,East,C7R15B12
EWG_2019_Lib01_s405,PL13,E,3,9,9,BESC-1229,Corvallis,ST2_8,Lib01,TGACGAGA,GTACTGGT,Little Salmon,Little Salmon,Little Salmon,Eastern,45.323783,-116.349113,2,LS,East,C9R9B2
EWG_2019_Lib01_s412,PL13,D,4,19,7,BESC-1228,Corvallis,ST2_8,Lib01,CACTTCTG,GTTGGTAC,Little Salmon,Little Salmon,Little Salmon,Eastern,45.26745,-116.342087,12,LS,East,C7R19B12
EWG_2019_Lib01_s415,PL13,G,4,19,6,BESC-1247,Corvallis,ST2_8,Lib01,TGACGAGA,CTCTCACA,Grand Ronde,Grand Ronde,Grand Ronde,Eastern,46.027517,-117.257401,12,GR,East,C6R19B12
EWG_2019_Lib01_s418,PL13,B,5,11,12,BESC-86,Corvallis,ST2_8,Lib01,CACTTCTG,GTGTCTCT,Columbia,Rainier,Columbia,BESC,46.117709,-122.991936,2,CLB,West,C12R11B2
EWG_2019_Lib01_s426,PL13,B,6,21,6,BESC-1208,Corvallis,ST2_8,Lib01,CACTTCTG,TGGTTCCT,Clearwater,Clearwater,Clearwater,Eastern,46.136478,-115.592178,12,CW,East,C6R21B12
EWG_2019_Lib01_s446,PL13,F,8,10,10,BESC-258,Corvallis,ST2_8,Lib01,AGTGGTGA,CGAACGAA,Core,Monroe,Skykomish,BESC,47.841153,-121.982635,2,SKY,West,C10R10B2
EWG_2019_Lib01_s449,PL13,A,9,18,2,HOPF-27-5,Corvallis,ST2_8,Lib01,CCAATTCC,GTACTGGT,BC,Hope_North,34,BC,49.433333,-121.433334,12,FR,West,C2R18B12
EWG_2019_Lib01_s450,PL13,B,9,13,6,YK-unk,Corvallis,ST2_8,Lib01,CCAATTCC,TGTCGACA,NA,NA,NA,NA,NA,NA,12,YK,East,C6R13B12
EWG_2019_Lib01_s454,PL13,F,9,18,3,BESC-80,Corvallis,ST2_8,Lib01,AGTGGTGA,TGTCGACA,Columbia,Rainier,Columbia,BESC,46.119186,-122.995293,12,CLB,West,C3R18B12
EWG_2019_Lib01_s469,PL13,E,11,20,3,BESC-1244,Corvallis,ST2_8,Lib01,AGTGGTGA,ATAAGCGG,Grand Ronde,Grand Ronde,Grand Ronde,Eastern,46.007783,-117.364754,12,GR,East,C3R20B12
EWG_2019_Lib01_s476,PL13,D,12,14,6,BESC-1226,Corvallis,ST2_8,Lib01,CCAATTCC,CGTTCGTT,Little Salmon,Little Salmon,Little Salmon,Eastern,45.223017,-116.320435,12,LS,East,C6R14B12
EWG_2019_Lib01_s011,PL01,C,2,14,5,BESC-1208,Hermiston,ST2_4,Lib01,AGAGCAGT,CACAGTCA,Clearwater,Clearwater,Clearwater,Eastern,46.136478,-115.592178,4,CW,East,C5R14B4
EWG_2019_Lib01_s019,PL01,C,3,40,2,BESC-1205,Hermiston,ST2_4,Lib01,AGAGCAGT,CAGTGAGA,Clearwater,Clearwater,Clearwater,Eastern,46.242536,-116.041306,11,CW,East,C2R40B11
EWG_2019_Lib01_s028,PL01,D,4,37,14,BESC-1232,Hermiston,ST2_4,Lib01,AGAGCAGT,GTTGGTAC,Hood River,Hood River,Hood River,Eastern,45.703567,-121.507904,12,HR,East,C14R37B12
EWG_2019_Lib01_s039,PL01,G,5,24,8,BESC-1232,Hermiston,ST2_4,Lib01,AACCTTCC,CTGTACTC,Hood River,Hood River,Hood River,Eastern,45.703567,-121.507904,7,HR,East,C8R24B7
EWG_2019_Lib01_s043,PL01,C,6,17,9,BESC-1228,Hermiston,ST2_4,Lib01,AGAGCAGT,ATCCTAGG,Little Salmon,Little Salmon,Little Salmon,Eastern,45.26745,-116.342087,7,LS,East,C9R17B7
EWG_2019_Lib01_s057,PL01,A,8,36,3,BESC-1212,Hermiston,ST2_4,Lib01,GTGTACTG,TCTCTCTC,Yakima,Yakima,Yakima,Eastern,46.707981,-120.468262,11,YK,East,C3R36B11
EWG_2019_Lib01_s059,PL01,C,8,13,12,BESC-1206,Hermiston,ST2_4,Lib01,GTGTACTG,CACAGTCA,Clearwater,Clearwater,Clearwater,Eastern,46.148539,-115.967064,4,CW,East,C12R13B4
EWG_2019_Lib01_s062,PL01,F,8,22,12,BESC-905,Hermiston,ST2_4,Lib01,TCTCAGAG,CGAACGAA,Core,Gold_Bar,Skykomish,BESC,47.849577,-121.695297,7,SKY,West,C12R22B7
EWG_2019_Lib01_s065,PL01,A,9,38,13,BESC-465,Hermiston,ST2_4,Lib01,GTGTACTG,GTACTGGT,Core,Lyman_Island,Skagit,BESC,48.51838,-122.05242200000001,12,SK,West,C13R38B12
EWG_2019_Lib01_s067,PL01,C,9,34,4,BESC-1210,Hermiston,ST2_4,Lib01,GTGTACTG,CAGTGAGA,Clearwater,Clearwater,Clearwater,Eastern,46.361342,-116.166748,11,CW,East,C4R34B11
EWG_2019_Lib01_s069,PL01,E,9,25,13,BESC-388,Hermiston,ST2_4,Lib01,TCTCAGAG,GTACTGGT,Core,Utopia_Rd,Skagit,BESC,48.515065,-122.109436,7,SK,West,C13R25B7
EWG_2019_Lib01_s073,PL01,A,10,21,12,BESC-1227,Hermiston,ST2_4,Lib01,GTGTACTG,GCAACGTT,Little Salmon,Little Salmon,Little Salmon,Eastern,45.23405,-116.325348,7,LS,East,C12R21B7
EWG_2019_Lib01_s074,PL01,B,10,14,10,BESC-1248,Hermiston,ST2_4,Lib01,GTGTACTG,GACAGAGT,Grand Ronde,Grand Ronde,Grand Ronde,Eastern,45.97235,-117.404137,4,GR,East,C10R14B4
EWG_2019_Lib01_s075,PL01,C,10,13,6,BESC-1243,Hermiston,ST2_4,Lib01,GTGTACTG,CTCTCACA,Grand Ronde,Grand Ronde,Grand Ronde,Eastern,45.957517,-117.423164,4,GR,East,C6R13B4
EWG_2019_Lib01_s081,PL01,A,11,39,13,BESC-405,Hermiston,ST2_4,Lib01,GTGTACTG,ATAAGCGG,Core,Lyman,Skagit,BESC,48.523424,-122.089363,12,SK,West,C13R39B12
EWG_2019_Lib01_s082,PL01,B,11,16,2,BESC-1203,Hermiston,ST2_4,Lib01,GTGTACTG,GTGTCTCT,Clearwater,Clearwater,Clearwater,Eastern,46.4908,-116.450119,4,CW,East,C2R16B4
EWG_2019_Lib02_s007,PL2,G,1,35,7,BESC-1219,Hermiston,ST2_4,Lib02,AACCTTCC,CTTGCTTG,Yakima,Yakima,Yakima,Eastern,47.173561,-120.859276,11,YK,East,C7R35B11
EWG_2019_Lib02_s018,PL2,B,3,14,6,BESC-86,Hermiston,ST2_4,Lib02,AGAGCAGT,TGTCGACA,Columbia,Rainier,Columbia,BESC,46.117709,-122.991936,4,CLB,West,C6R14B4
EWG_2019_Lib02_s019,PL2,C,3,15,3,BESC-1229,Hermiston,ST2_4,Lib02,AGAGCAGT,CAGTGAGA,Little Salmon,Little Salmon,Little Salmon,Eastern,45.323783,-116.349113,4,LS,East,C3R15B4
EWG_2019_Lib02_s020,PL2,D,3,34,6,BESC-1208,Hermiston,ST2_4,Lib02,AGAGCAGT,GCATGGAA,Clearwater,Clearwater,Clearwater,Eastern,46.136478,-115.592178,11,CW,East,C6R34B11
EWG_2019_Lib02_s021,PL2,E,3,39,18,BESC-421,Hermiston,ST2_4,Lib02,AACCTTCC,GTACTGGT,Core,Hamilton,Skagit,BESC,48.524266,-122.013977,12,SK,West,C18R39B12
EWG_2019_Lib02_s039,PL2,G,5,35,16,BESC-803,Hermiston,ST2_4,Lib02,AACCTTCC,CTGTACTC,Core,Orting,Puyallup,BESC,47.076718,-122.201752,12,PU,West,C16R35B12
EWG_2019_Lib02_s042,PL2,B,6,13,2,YALD-27-5,Hermiston,ST2_4,Lib02,AGAGCAGT,TGGTTCCT,BC,Yale_West,34,BC,49.566667,-121.466667,4,FR,West,C2R13B4
EWG_2019_Lib02_s043,PL2,C,6,34,8,BESC-15,Hermiston,ST2_4,Lib02,AGAGCAGT,ATCCTAGG,Columbia,Willow_Grove,Columbia,BESC,46.163327,-123.043648,11,CLB,West,C8R34B11
EWG_2019_Lib02_s047,PL2,G,6,26,9,BESC-815,Hermiston,ST2_4,Lib02,AACCTTCC,ATCCTAGG,Core,Orting,Puyallup,BESC,47.090557,-122.215759,7,PU,West,C9R26B7
EWG_2019_Lib02_s053,PL2,E,7,14,7,BESC-388,Hermiston,ST2_4,Lib02,TCTCAGAG,AGAGACAC,Core,Utopia_Rd,Skagit,BESC,48.515065,-122.109436,4,SK,West,C7R14B4
EWG_2019_Lib02_s055,PL2,G,7,17,8,BESC-421,Hermiston,ST2_4,Lib02,TCTCAGAG,CTTGCTTG,Core,Hamilton,Skagit,BESC,48.524266,-122.013977,4,SK,West,C8R17B4
EWG_2019_Lib02_s062,PL2,F,8,36,12,BESC-273,Hermiston,ST2_4,Lib02,TCTCAGAG,CGAACGAA,Core,Startup,Skykomish,BESC,47.862312,-121.782951,12,SKY,West,C12R36B12
EWG_2019_Lib02_s074,PL2,B,10,40,13,BESC-1244,Hermiston,ST2_4,Lib02,GTGTACTG,GACAGAGT,Grand Ronde,Grand Ronde,Grand Ronde,Eastern,46.007783,-117.364754,12,GR,East,C13R40B12
EWG_2019_Lib02_s077,PL2,E,10,34,7,BESC-258,Hermiston,ST2_4,Lib02,TCTCAGAG,GCAACGTT,Core,Monroe,Skykomish,BESC,47.841153,-121.982635,11,SKY,West,C7R34B11
EWG_2019_Lib02_s081,PL2,A,11,14,11,BESC-833,Hermiston,ST2_4,Lib02,GTGTACTG,ATAAGCGG,Core,Orting,Puyallup,BESC,47.039044,-122.201614,4,PU,West,C11R14B4
EWG_2019_Lib02_s092,PL2,D,12,13,3,BESC-1207,Hermiston,ST2_4,Lib02,GTGTACTG,CGTTCGTT,Clearwater,Clearwater,Clearwater,Eastern,46.126361,-115.786507,4,CW,East,C3R13B4
EWG_2019_Lib03_s008,PL3,H,1,25,10,YK-unk,Hermiston,ST2_4,Lib03,AACCTTCC,GGTAGCAA,NA,NA,NA,NA,NA,NA,7,YK,East,C10R25B7
EWG_2019_Lib03_s010,PL3,B,2,37,9,BESC-815,Hermiston,ST2_4,Lib03,AGAGCAGT,CGAACGAA,Core,Orting,Puyallup,BESC,47.090557,-122.215759,11,PU,West,C9R37B11
EWG_2019_Lib03_s011,PL3,C,2,19,12,BESC-258,Hermiston,ST2_4,Lib03,AGAGCAGT,CACAGTCA,Core,Monroe,Skykomish,BESC,47.841153,-121.982635,7,SKY,West,C12R19B7
EWG_2019_Lib03_s016,PL3,H,2,35,5,HRSP-27-5,Hermiston,ST2_4,Lib03,AACCTTCC,AGGTCTAC,BC,HRSP,34,BC,49.233333,-121.849998,11,FR,West,C5R35B11
EWG_2019_Lib03_s018,PL3,B,3,35,8,BESC-1247,Hermiston,ST2_4,Lib03,AGAGCAGT,TGTCGACA,Grand Ronde,Grand Ronde,Grand Ronde,Eastern,46.027517,-117.257401,11,GR,East,C8R35B11
EWG_2019_Lib03_s020,PL3,D,3,38,6,BESC-1215,Hermiston,ST2_4,Lib03,AGAGCAGT,GCATGGAA,Yakima,Yakima,Yakima,Eastern,46.883628,-120.47541,11,YK,East,C6R38B11
EWG_2019_Lib03_s022,PL3,F,3,35,18,BESC-258,Hermiston,ST2_4,Lib03,AACCTTCC,TGTCGACA,Core,Monroe,Skykomish,BESC,47.841153,-121.982635,12,SKY,West,C18R35B12
EWG_2019_Lib03_s023,PL3,G,3,16,9,MCMN-27-5,Hermiston,ST2_4,Lib03,AACCTTCC,CAGTGAGA,BC,McMillan_Island_,34,BC,49.183333,-122.583336,4,FR,West,C9R16B4
EWG_2019_Lib03_s026,PL3,B,4,34,12,BESC-1206,Hermiston,ST2_4,Lib03,AGAGCAGT,GACAGAGT,Clearwater,Clearwater,Clearwater,Eastern,46.148539,-115.967064,12,CW,East,C12R34B12
EWG_2019_Lib03_s029,PL3,E,4,20,13,BESC-1210,Hermiston,ST2_4,Lib03,AACCTTCC,GCAACGTT,Clearwater,Clearwater,Clearwater,Eastern,46.361342,-116.166748,7,CW,East,C13R20B7
EWG_2019_Lib03_s031,PL3,G,4,16,12,BESC-1214,Hermiston,ST2_4,Lib03,AACCTTCC,CTCTCACA,Yakima,Yakima,Yakima,Eastern,46.8141,-120.450684,4,YK,East,C12R16B4
EWG_2019_Lib03_s036,PL3,D,5,24,12,BESC-1219,Hermiston,ST2_4,Lib03,AGAGCAGT,TGCACATG,Yakima,Yakima,Yakima,Eastern,47.173561,-120.859276,7,YK,East,C12R24B7
EWG_2019_Lib03_s037,PL3,E,5,35,17,BESC-1228,Hermiston,ST2_4,Lib03,AACCTTCC,ATAAGCGG,Little Salmon,Little Salmon,Little Salmon,Eastern,45.26745,-116.342087,12,LS,East,C17R35B12
EWG_2019_Lib03_s041,PL3,A,6,37,6,BESC-1202,Hermiston,ST2_4,Lib03,AGAGCAGT,TAGGAACG,Clearwater,Clearwater,Clearwater,Eastern,46.511697,-116.68438,11,CW,East,C6R37B11
EWG_2019_Lib03_s043,PL3,C,6,38,15,BESC-1248,Hermiston,ST2_4,Lib03,AGAGCAGT,ATCCTAGG,Grand Ronde,Grand Ronde,Grand Ronde,Eastern,45.97235,-117.404137,12,GR,East,C15R38B12
EWG_2019_Lib03_s045,PL3,E,6,16,3,BESC-405,Hermiston,ST2_4,Lib03,AACCTTCC,TAGGAACG,Core,Lyman,Skagit,BESC,48.523424,-122.089363,4,SK,West,C3R16B4
EWG_2019_Lib03_s049,PL3,A,7,40,14,BESC-1249,Hermiston,ST2_4,Lib03,GTGTACTG,AGAGACAC,Grand Ronde,Grand Ronde,Grand Ronde,Eastern,45.3518,-117.229782,12,GR,East,C14R40B12
EWG_2019_Lib03_s050,PL3,B,7,12,3,BESC-258,Hermiston,ST2_4,Lib03,GTGTACTG,AGCAAGGT,Core,Monroe,Skykomish,BESC,47.841153,-121.982635,4,SKY,West,C3R12B4
EWG_2019_Lib03_s051,PL3,C,7,37,5,BESC-86,Hermiston,ST2_4,Lib03,GTGTACTG,CTTGCTTG,Columbia,Rainier,Columbia,BESC,46.117709,-122.991936,11,CLB,West,C5R37B11
EWG_2019_Lib03_s052,PL3,D,7,38,18,BESC-815,Hermiston,ST2_4,Lib03,GTGTACTG,GGTAGCAA,Core,Orting,Puyallup,BESC,47.090557,-122.215759,12,PU,West,C18R38B12
EWG_2019_Lib03_s055,PL3,G,7,18,10,BESC-319,Hermiston,ST2_4,Lib03,TCTCAGAG,CTTGCTTG,Core,Mann_Rd,Skykomish,BESC,47.855099,-121.732903,7,SKY,West,C10R18B7
EWG_2019_Lib03_s056,PL3,H,7,16,10,WELC-27-5,Hermiston,ST2_4,Lib03,TCTCAGAG,GGTAGCAA,BC,Wellington_Bar,34,BC,49.666667,-121.416664,4,FR,West,C10R16B4
EWG_2019_Lib03_s057,PL3,A,8,36,13,BESC-1241,Hermiston,ST2_4,Lib03,GTGTACTG,TCTCTCTC,Grand Ronde,Grand Ronde,Grand Ronde,Eastern,45.455583,-117.41938,12,GR,East,C13R36B12
EWG_2019_Lib03_s058,PL3,B,8,18,9,YALD-27-5,Hermiston,ST2_4,Lib03,GTGTACTG,CGAACGAA,BC,Yale_West,34,BC,49.566667,-121.466667,7,FR,West,C9R18B7
EWG_2019_Lib03_s060,PL3,D,8,38,14,BESC-388,Hermiston,ST2_4,Lib03,GTGTACTG,AGGTCTAC,Core,Utopia_Rd,Skagit,BESC,48.515065,-122.109436,12,SK,West,C14R38B12
EWG_2019_Lib03_s066,PL3,B,9,26,10,BESC-1244,Hermiston,ST2_4,Lib03,GTGTACTG,TGTCGACA,Grand Ronde,Grand Ronde,Grand Ronde,Eastern,46.007783,-117.364754,7,GR,East,C10R26B7
EWG_2019_Lib03_s069,PL3,E,9,34,17,BESC-1202,Hermiston,ST2_4,Lib03,TCTCAGAG,GTACTGGT,Clearwater,Clearwater,Clearwater,Eastern,46.511697,-116.68438,12,CW,East,C17R34B12
EWG_2019_Lib03_s070,PL3,F,9,37,19,BESC-1243,Hermiston,ST2_4,Lib03,TCTCAGAG,TGTCGACA,Grand Ronde,Grand Ronde,Grand Ronde,Eastern,45.957517,-117.423164,12,GR,East,C19R37B12
EWG_2019_Lib03_s072,PL3,H,9,40,4,BESC-1248,Hermiston,ST2_4,Lib03,TCTCAGAG,GCATGGAA,Grand Ronde,Grand Ronde,Grand Ronde,Eastern,45.97235,-117.404137,11,GR,East,C4R40B11
EWG_2019_Lib03_s073,PL3,A,10,22,11,BESC-196,Hermiston,ST2_4,Lib03,GTGTACTG,GCAACGTT,Core,Orting,Puyallup,BESC,47.090095,-122.214005,7,PU,West,C11R22B7
EWG_2019_Lib03_s075,PL3,C,10,39,9,BESC-905,Hermiston,ST2_4,Lib03,GTGTACTG,CTCTCACA,Core,Gold_Bar,Skykomish,BESC,47.849577,-121.695297,11,SKY,West,C9R39B11
EWG_2019_Lib03_s077,PL3,E,10,37,8,VNDL-27-5,Hermiston,ST2_4,Lib03,TCTCAGAG,GCAACGTT,BC,VNDL,34,BC,49.15,-122.099998,11,FR,West,C8R37B11
EWG_2019_Lib03_s084,PL3,D,11,18,13,BESC-405,Hermiston,ST2_4,Lib03,GTGTACTG,TGCACATG,Core,Lyman,Skagit,BESC,48.523424,-122.089363,7,SK,West,C13R18B7
EWG_2019_Lib01_s103,PL4,G,1,24,10,BESC-1201,Hermiston,ST2_5,Lib01,GATCACCA,CTTGCTTG,Clearwater,Clearwater,Clearwater,Eastern,46.447972,-116.861786,7,CW,East,C10R24B7
EWG_2019_Lib01_s114,PL4,B,3,37,13,BESC-80,Hermiston,ST2_5,Lib01,AACCGGTT,TGTCGACA,Columbia,Rainier,Columbia,BESC,46.119186,-122.995293,12,CLB,West,C13R37B12
EWG_2019_Lib01_s116,PL4,D,3,36,7,BESC-103,Hermiston,ST2_5,Lib01,AACCGGTT,GCATGGAA,Columbia,Rainier,Columbia,BESC,46.11251,-122.987831,11,CLB,West,C7R36B11
EWG_2019_Lib01_s120,PL4,H,3,35,6,BESC-1201,Hermiston,ST2_5,Lib01,GATCACCA,GCATGGAA,Clearwater,Clearwater,Clearwater,Eastern,46.447972,-116.861786,11,CW,East,C6R35B11
EWG_2019_Lib01_s123,PL4,C,4,16,4,BESC-1202,Hermiston,ST2_5,Lib01,AACCGGTT,CTCTCACA,Clearwater,Clearwater,Clearwater,Eastern,46.511697,-116.68438,4,CW,East,C4R16B4
EWG_2019_Lib01_s125,PL4,E,4,35,14,BESC-230,Hermiston,ST2_5,Lib01,GATCACCA,GCAACGTT,Core,Orting,Puyallup,BESC,47.058627,-122.192513,12,PU,West,C14R35B12
EWG_2019_Lib01_s126,PL4,F,4,40,5,BESC-1214,Hermiston,ST2_5,Lib01,GATCACCA,GACAGAGT,Yakima,Yakima,Yakima,Eastern,46.8141,-120.450684,11,YK,East,C5R40B11
EWG_2019_Lib01_s131,PL4,C,5,39,19,BESC-103,Hermiston,ST2_5,Lib01,AACCGGTT,CTGTACTC,Columbia,Rainier,Columbia,BESC,46.11251,-122.987831,12,CLB,West,C19R39B12
EWG_2019_Lib01_s143,PL4,G,6,38,5,BESC-286,Hermiston,ST2_5,Lib01,GATCACCA,ATCCTAGG,Core,Monroe,Skykomish,BESC,47.845951,-121.969933,11,SKY,West,C5R38B11
EWG_2019_Lib01_s144,PL4,H,6,14,9,BESC-80,Hermiston,ST2_5,Lib01,GATCACCA,CGTTCGTT,Columbia,Rainier,Columbia,BESC,46.119186,-122.995293,4,CLB,West,C9R14B4
EWG_2019_Lib01_s145,PL4,A,7,34,15,BESC-1219,Hermiston,ST2_5,Lib01,TGGACTAC,AGAGACAC,Yakima,Yakima,Yakima,Eastern,47.173561,-120.859276,12,YK,East,C15R34B12
EWG_2019_Lib01_s152,PL4,H,7,36,19,BESC-1207,Hermiston,ST2_5,Lib01,CCATTAGG,GGTAGCAA,Clearwater,Clearwater,Clearwater,Eastern,46.126361,-115.786507,12,CW,East,C19R36B12
EWG_2019_Lib01_s155,PL4,C,8,23,11,BESC-286,Hermiston,ST2_5,Lib01,TGGACTAC,CACAGTCA,Core,Monroe,Skykomish,BESC,47.845951,-121.969933,7,SKY,West,C11R23B7
EWG_2019_Lib01_s156,PL4,D,8,24,13,MCMN-27-5,Hermiston,ST2_5,Lib01,TGGACTAC,AGGTCTAC,BC,McMillan_Island_,34,BC,49.183333,-122.583336,7,FR,West,C13R24B7
EWG_2019_Lib01_s158,PL4,F,8,19,11,BESC-1226,Hermiston,ST2_5,Lib01,CCATTAGG,CGAACGAA,Little Salmon,Little Salmon,Little Salmon,Eastern,45.223017,-116.320435,7,LS,East,C11R19B7
EWG_2019_Lib01_s160,PL4,H,8,37,7,BESC-1232,Hermiston,ST2_5,Lib01,CCATTAGG,AGGTCTAC,Hood River,Hood River,Hood River,Eastern,45.703567,-121.507904,11,HR,East,C7R37B11
EWG_2019_Lib01_s163,PL4,C,9,35,11,BESC-1210,Hermiston,ST2_5,Lib01,TGGACTAC,CAGTGAGA,Clearwater,Clearwater,Clearwater,Eastern,46.361342,-116.166748,12,CW,East,C11R35B12
EWG_2019_Lib01_s167,PL4,G,9,38,7,BESC-273,Hermiston,ST2_5,Lib01,CCATTAGG,CAGTGAGA,Core,Startup,Skykomish,BESC,47.862312,-121.782951,11,SKY,West,C7R38B11
EWG_2019_Lib01_s172,PL4,D,10,34,13,HRSP-27-5,Hermiston,ST2_5,Lib01,TGGACTAC,GTTGGTAC,BC,HRSP,34,BC,49.233333,-121.849998,12,FR,West,C13R34B12
EWG_2019_Lib01_s173,PL4,E,10,15,10,BESC-15,Hermiston,ST2_5,Lib01,CCATTAGG,GCAACGTT,Columbia,Willow_Grove,Columbia,BESC,46.163327,-123.043648,4,CLB,West,C10R15B4
EWG_2019_Lib01_s177,PL4,A,11,35,3,BESC-1239,Hermiston,ST2_5,Lib01,TGGACTAC,ATAAGCGG,Hood River,Hood River,Hood River,Eastern,45.321853,-121.632614,11,HR,East,C3R35B11
EWG_2019_Lib01_s189,PL4,E,12,39,6,HOPF-27-5,Hermiston,ST2_5,Lib01,CCATTAGG,TAGGAACG,BC,Hope_North,34,BC,49.433333,-121.433334,11,FR,West,C6R39B11
EWG_2019_Lib02_s112,PL5,H,2,35,13,BESC-184,Hermiston,ST2_5,Lib02,GATCACCA,AGGTCTAC,Core,Orting,Puyallup,BESC,47.084244,-122.204559,12,PU,West,C13R35B12
EWG_2019_Lib02_s118,PL5,F,3,36,8,BESC-405,Hermiston,ST2_5,Lib02,GATCACCA,TGTCGACA,Core,Lyman,Skagit,BESC,48.523424,-122.089363,11,SK,West,C8R36B11
EWG_2019_Lib02_s121,PL5,A,4,39,11,BESC-1226,Hermiston,ST2_5,Lib02,AACCGGTT,GCAACGTT,Little Salmon,Little Salmon,Little Salmon,Eastern,45.223017,-116.320435,12,LS,East,C11R39B12
EWG_2019_Lib02_s135,PL5,G,5,35,19,BESC-351,Hermiston,ST2_5,Lib02,GATCACCA,CTGTACTC,Core,Skiou_Island,Skagit,BESC,48.494723,-122.15432,12,SK,West,C19R35B12
EWG_2019_Lib02_s140,PL5,D,6,34,3,BESC-1249,Hermiston,ST2_5,Lib02,AACCGGTT,CGTTCGTT,Grand Ronde,Grand Ronde,Grand Ronde,Eastern,45.3518,-117.229782,11,GR,East,C3R34B11
EWG_2019_Lib02_s147,PL5,C,7,13,11,BESC-1210,Hermiston,ST2_5,Lib02,TGGACTAC,CTTGCTTG,Clearwater,Clearwater,Clearwater,Eastern,46.361342,-116.166748,4,CW,East,C11R13B4
EWG_2019_Lib02_s150,PL5,F,7,39,10,BESC-42,Hermiston,ST2_5,Lib02,CCATTAGG,AGCAAGGT,Columbia,Talley_Way,Columbia,BESC,46.102311,-122.880493,11,CLB,West,C10R39B11
EWG_2019_Lib02_s152,PL5,H,7,13,9,BESC-1247,Hermiston,ST2_5,Lib02,CCATTAGG,GGTAGCAA,Grand Ronde,Grand Ronde,Grand Ronde,Eastern,46.027517,-117.257401,4,GR,East,C9R13B4
EWG_2019_Lib02_s154,PL5,B,8,39,7,BESC-351,Hermiston,ST2_5,Lib02,TGGACTAC,CGAACGAA,Core,Skiou_Island,Skagit,BESC,48.494723,-122.15432,11,SK,West,C7R39B11
EWG_2019_Lib02_s157,PL5,E,8,40,11,BESC-294,Hermiston,ST2_5,Lib02,CCATTAGG,TCTCTCTC,Core,Monroe,Skykomish,BESC,47.843838,-121.974121,12,SKY,West,C11R40B12
EWG_2019_Lib02_s159,PL5,G,8,15,7,BESC-294,Hermiston,ST2_5,Lib02,CCATTAGG,CACAGTCA,Core,Monroe,Skykomish,BESC,47.843838,-121.974121,4,SKY,West,C7R15B4
EWG_2019_Lib02_s163,PL5,C,9,36,11,BESC-1239,Hermiston,ST2_5,Lib02,TGGACTAC,CAGTGAGA,Hood River,Hood River,Hood River,Eastern,45.321853,-121.632614,12,HR,East,C11R36B12
EWG_2019_Lib02_s166,PL5,F,9,39,16,BESC-1209,Hermiston,ST2_5,Lib02,CCATTAGG,TGTCGACA,Clearwater,Clearwater,Clearwater,Eastern,46.0903,-115.528992,12,CW,East,C16R39B12
EWG_2019_Lib02_s172,PL5,D,10,38,12,BESC-319,Hermiston,ST2_5,Lib02,TGGACTAC,GTTGGTAC,Core,Mann_Rd,Skykomish,BESC,47.855099,-121.732903,12,SKY,West,C12R38B12
EWG_2019_Lib02_s173,PL5,E,10,35,10,BESC-1209,Hermiston,ST2_5,Lib02,CCATTAGG,GCAACGTT,Clearwater,Clearwater,Clearwater,Eastern,46.0903,-115.528992,11,CW,East,C10R35B11
EWG_2019_Lib02_s175,PL5,G,10,36,4,WELC-27-5,Hermiston,ST2_5,Lib02,CCATTAGG,CTCTCACA,BC,Wellington_Bar,34,BC,49.666667,-121.416664,11,FR,West,C4R36B11
EWG_2019_Lib02_s180,PL5,D,11,38,11,BESC-86,Hermiston,ST2_5,Lib02,TGGACTAC,TGCACATG,Columbia,Rainier,Columbia,BESC,46.117709,-122.991936,12,CLB,West,C11R38B12
EWG_2019_Lib02_s182,PL5,F,11,37,11,BESC-1205,Hermiston,ST2_5,Lib02,CCATTAGG,GTGTCTCT,Clearwater,Clearwater,Clearwater,Eastern,46.242536,-116.041306,12,CW,East,C11R37B12
EWG_2019_Lib02_s186,PL5,B,12,34,16,BESC-1208,Hermiston,ST2_5,Lib02,TGGACTAC,TGGTTCCT,Clearwater,Clearwater,Clearwater,Eastern,46.136478,-115.592178,12,CW,East,C16R34B12
EWG_2019_Lib02_s187,PL5,C,12,17,11,BESC-1206,Hermiston,ST2_5,Lib02,TGGACTAC,ATCCTAGG,Clearwater,Clearwater,Clearwater,Eastern,46.148539,-115.967064,7,CW,East,C11R17B7
EWG_2019_Lib03_s103,PL6,G,1,37,12,WELC-27-5,Hermiston,ST2_5,Lib03,GATCACCA,CTTGCTTG,BC,Wellington_Bar,34,BC,49.666667,-121.416664,12,FR,West,C12R37B12
EWG_2019_Lib03_s104,PL6,H,1,12,8,BESC-196,Hermiston,ST2_5,Lib03,GATCACCA,GGTAGCAA,Core,Orting,Puyallup,BESC,47.090095,-122.214005,4,PU,West,C8R12B4
EWG_2019_Lib03_s109,PL6,E,2,15,9,BESC-230,Hermiston,ST2_5,Lib03,GATCACCA,TCTCTCTC,Core,Orting,Puyallup,BESC,47.058627,-122.192513,4,PU,West,C9R15B4
EWG_2019_Lib03_s114,PL6,B,3,39,8,BESC-388,Hermiston,ST2_5,Lib03,AACCGGTT,TGTCGACA,Core,Utopia_Rd,Skagit,BESC,48.515065,-122.109436,11,SK,West,C8R39B11
EWG_2019_Lib03_s118,PL6,F,3,24,11,BESC-803,Hermiston,ST2_5,Lib03,GATCACCA,TGTCGACA,Core,Orting,Puyallup,BESC,47.076718,-122.201752,7,PU,West,C11R24B7
EWG_2019_Lib03_s120,PL6,H,3,38,8,BESC-1244,Hermiston,ST2_5,Lib03,GATCACCA,GCATGGAA,Grand Ronde,Grand Ronde,Grand Ronde,Eastern,46.007783,-117.364754,11,GR,East,C8R38B11
EWG_2019_Lib03_s124,PL6,D,4,23,10,BESC-1202,Hermiston,ST2_5,Lib03,AACCGGTT,GTTGGTAC,Clearwater,Clearwater,Clearwater,Eastern,46.511697,-116.68438,7,CW,East,C10R23B7
EWG_2019_Lib03_s131,PL6,C,5,23,13,BESC-1249,Hermiston,ST2_5,Lib03,AACCGGTT,CTGTACTC,Grand Ronde,Grand Ronde,Grand Ronde,Eastern,45.3518,-117.229782,7,GR,East,C13R23B7
EWG_2019_Lib03_s141,PL6,E,6,36,6,BESC-196,Hermiston,ST2_5,Lib03,GATCACCA,TAGGAACG,Core,Orting,Puyallup,BESC,47.090095,-122.214005,11,PU,West,C6R36B11
EWG_2019_Lib03_s145,PL6,A,7,20,11,BESC-15,Hermiston,ST2_5,Lib03,TGGACTAC,AGAGACAC,Columbia,Willow_Grove,Columbia,BESC,46.163327,-123.043648,7,CLB,West,C11R20B7
EWG_2019_Lib03_s154,PL6,B,8,19,13,BESC-184,Hermiston,ST2_5,Lib03,TGGACTAC,CGAACGAA,Core,Orting,Puyallup,BESC,47.084244,-122.204559,7,PU,West,C13R19B7
EWG_2019_Lib03_s156,PL6,D,8,26,8,WELC-27-5,Hermiston,ST2_5,Lib03,TGGACTAC,AGGTCTAC,BC,Wellington_Bar,34,BC,49.666667,-121.416664,7,FR,West,C8R26B7
EWG_2019_Lib03_s162,PL6,B,9,18,11,BESC-1209,Hermiston,ST2_5,Lib03,TGGACTAC,TGTCGACA,Clearwater,Clearwater,Clearwater,Eastern,46.0903,-115.528992,7,CW,East,C11R18B7
EWG_2019_Lib03_s164,PL6,D,9,36,17,BESC-1227,Hermiston,ST2_5,Lib03,TGGACTAC,GCATGGAA,Little Salmon,Little Salmon,Little Salmon,Eastern,45.23405,-116.325348,12,LS,East,C17R36B12
EWG_2019_Lib03_s173,PL6,E,10,37,18,BESC-137,Hermiston,ST2_5,Lib03,CCATTAGG,GCAACGTT,Columbia,Rainier,Columbia,BESC,46.110816,-122.980255,12,CLB,West,C18R37B12
EWG_2019_Lib03_s183,PL6,G,11,16,8,BESC-1204,Hermiston,ST2_5,Lib03,CCATTAGG,CTGTACTC,Clearwater,Clearwater,Clearwater,Eastern,46.278836,-116.101776,4,CW,East,C8R16B4
EWG_2019_Lib01_s200,PL7,H,1,12,4,BESC-351,Hermiston,ST2_6,Lib01,ACGATGCT,GGTAGCAA,Core,Skiou_Island,Skagit,BESC,48.494723,-122.15432,4,SK,West,C4R12B4
EWG_2019_Lib01_s202,PL7,B,2,15,5,BESC-103,Hermiston,ST2_6,Lib01,TGGTGAAG,CGAACGAA,Columbia,Rainier,Columbia,BESC,46.11251,-122.987831,4,CLB,West,C5R15B4
EWG_2019_Lib01_s207,PL7,G,2,25,9,BESC-1220,Hermiston,ST2_6,Lib01,ACGATGCT,CACAGTCA,Yakima,Yakima,Yakima,Eastern,47.236444,-121.170601,7,YK,East,C9R25B7
EWG_2019_Lib01_s212,PL7,D,3,12,5,BESC-137,Hermiston,ST2_6,Lib01,TGGTGAAG,GCATGGAA,Columbia,Rainier,Columbia,BESC,46.110816,-122.980255,4,CLB,West,C5R12B4
EWG_2019_Lib01_s229,PL7,E,5,39,15,BESC-15,Hermiston,ST2_6,Lib01,ACGATGCT,ATAAGCGG,Columbia,Willow_Grove,Columbia,BESC,46.163327,-123.043648,12,CLB,West,C15R39B12
EWG_2019_Lib01_s233,PL7,A,6,12,11,BESC-1209,Hermiston,ST2_6,Lib01,TGGTGAAG,TAGGAACG,Clearwater,Clearwater,Clearwater,Eastern,46.0903,-115.528992,4,CW,East,C11R12B4
EWG_2019_Lib01_s238,PL7,F,6,39,12,VNDL-27-5,Hermiston,ST2_6,Lib01,ACGATGCT,TGGTTCCT,BC,VNDL,34,BC,49.15,-122.099998,12,FR,West,C12R39B12
EWG_2019_Lib01_s253,PL7,E,8,39,5,BESC-421,Hermiston,ST2_6,Lib01,CGCGATTA,TCTCTCTC,Core,Hamilton,Skagit,BESC,48.524266,-122.013977,11,SK,West,C5R39B11
EWG_2019_Lib01_s257,PL7,A,9,19,10,BESC-1214,Hermiston,ST2_6,Lib01,GACAACTC,GTACTGGT,Yakima,Yakima,Yakima,Eastern,46.8141,-120.450684,7,YK,East,C10R19B7
EWG_2019_Lib01_s260,PL7,D,9,23,12,BESC-351,Hermiston,ST2_6,Lib01,GACAACTC,GCATGGAA,Core,Skiou_Island,Skagit,BESC,48.494723,-122.15432,7,SK,West,C12R23B7
EWG_2019_Lib01_s269,PL7,E,10,11,7,HOPF-27-5,Hermiston,ST2_6,Lib01,CGCGATTA,GCAACGTT,BC,Hope_North,34,BC,49.433333,-121.433334,4,FR,West,C7R11B4
EWG_2019_Lib01_s270,PL7,F,10,25,11,BESC-421,Hermiston,ST2_6,Lib01,CGCGATTA,GACAGAGT,Core,Hamilton,Skagit,BESC,48.524266,-122.013977,7,SK,West,C11R25B7
EWG_2019_Lib01_s278,PL7,F,11,20,12,HRSP-27-5,Hermiston,ST2_6,Lib01,CGCGATTA,GTGTCTCT,BC,HRSP,34,BC,49.233333,-121.849998,7,FR,West,C12R20B7
EWG_2019_Lib02_s199,PL8,G,1,38,10,BESC-137,Hermiston,ST2_6,Lib02,ACGATGCT,CTTGCTTG,Columbia,Rainier,Columbia,BESC,46.110816,-122.980255,11,CLB,West,C10R38B11
EWG_2019_Lib02_s207,PL8,G,2,12,7,BESC-465,Hermiston,ST2_6,Lib02,ACGATGCT,CACAGTCA,Core,Lyman_Island,Skagit,BESC,48.51838,-122.05242200000001,4,SK,West,C7R12B4
EWG_2019_Lib02_s222,PL8,F,4,20,10,VNDL-27-5,Hermiston,ST2_6,Lib02,ACGATGCT,GACAGAGT,BC,VNDL,34,BC,49.15,-122.099998,7,FR,West,C10R20B7
EWG_2019_Lib02_s229,PL8,E,5,26,13,HOPF-27-5,Hermiston,ST2_6,Lib02,ACGATGCT,ATAAGCGG,BC,Hope_North,34,BC,49.433333,-121.433334,7,FR,West,C13R26B7
EWG_2019_Lib02_s251,PL8,C,8,36,2,BESC-1206,Hermiston,ST2_6,Lib02,GACAACTC,CACAGTCA,Clearwater,Clearwater,Clearwater,Eastern,46.148539,-115.967064,11,CW,East,C2R36B11
EWG_2019_Lib02_s275,PL8,C,11,35,4,BESC-1243,Hermiston,ST2_6,Lib02,GACAACTC,CTGTACTC,Grand Ronde,Grand Ronde,Grand Ronde,Eastern,45.957517,-117.423164,11,GR,East,C4R35B11
EWG_2019_Lib03_s205,PL9,E,2,13,4,BESC-286,Hermiston,ST2_6,Lib03,ACGATGCT,TCTCTCTC,Core,Monroe,Skykomish,BESC,47.845951,-121.969933,4,SKY,West,C4R13B4
EWG_2019_Lib03_s211,PL9,C,3,37,2,BESC-1203,Hermiston,ST2_6,Lib03,TGGTGAAG,CAGTGAGA,Clearwater,Clearwater,Clearwater,Eastern,46.4908,-116.450119,11,CW,East,C2R37B11
EWG_2019_Lib03_s215,PL9,G,3,36,9,BESC-1207,Hermiston,ST2_6,Lib03,ACGATGCT,CAGTGAGA,Clearwater,Clearwater,Clearwater,Eastern,46.126361,-115.786507,11,CW,East,C9R36B11
EWG_2019_Lib03_s221,PL9,E,4,35,9,BESC-80,Hermiston,ST2_6,Lib03,ACGATGCT,GCAACGTT,Columbia,Rainier,Columbia,BESC,46.119186,-122.995293,11,CLB,West,C9R35B11
EWG_2019_Lib03_s222,PL9,F,4,38,9,BESC-1241,Hermiston,ST2_6,Lib03,ACGATGCT,GACAGAGT,Grand Ronde,Grand Ronde,Grand Ronde,Eastern,45.455583,-117.41938,11,GR,East,C9R38B11
EWG_2019_Lib03_s226,PL9,B,5,15,4,BESC-803,Hermiston,ST2_6,Lib03,TGGTGAAG,GTGTCTCT,Core,Orting,Puyallup,BESC,47.076718,-122.201752,4,PU,West,C4R15B4
EWG_2019_Lib03_s234,PL9,B,6,38,19,BESC-1231,Hermiston,ST2_6,Lib03,TGGTGAAG,TGGTTCCT,Hood River,Hood River,Hood River,Eastern,45.525436,-121.742386,12,HR,East,C19R38B12
EWG_2019_Lib03_s238,PL9,F,6,39,3,YALD-27-5,Hermiston,ST2_6,Lib03,ACGATGCT,TGGTTCCT,BC,Yale_West,34,BC,49.566667,-121.466667,11,FR,West,C3R39B11
EWG_2019_Lib03_s246,PL9,F,7,40,12,BESC-286,Hermiston,ST2_6,Lib03,CGCGATTA,AGCAAGGT,Core,Monroe,Skykomish,BESC,47.845951,-121.969933,12,SKY,West,C12R40B12
EWG_2019_Lib03_s253,PL9,E,8,37,4,BESC-1231,Hermiston,ST2_6,Lib03,CGCGATTA,TCTCTCTC,Hood River,Hood River,Hood River,Eastern,45.525436,-121.742386,11,HR,East,C4R37B11
EWG_2019_Lib03_s268,PL9,D,10,36,16,BESC-1247,Hermiston,ST2_6,Lib03,GACAACTC,GTTGGTAC,Grand Ronde,Grand Ronde,Grand Ronde,Eastern,46.027517,-117.257401,12,GR,East,C16R36B12
EWG_2019_Lib03_s284,PL9,D,12,16,5,VNDL-27-5,Hermiston,ST2_6,Lib03,GACAACTC,CGTTCGTT,BC,VNDL,34,BC,49.15,-122.099998,4,FR,West,C5R16B4
EWG_2019_Lib01_s293,PL10,E,1,35,15,BESC-1215,Hermiston,ST2_7,Lib01,GTAGCTTG,AGAGACAC,Yakima,Yakima,Yakima,Eastern,46.883628,-120.47541,12,YK,East,C15R35B12
EWG_2019_Lib01_s305,PL10,A,3,13,8,BESC-1231,Hermiston,ST2_7,Lib01,TCGTAGCA,GTACTGGT,Hood River,Hood River,Hood River,Eastern,45.525436,-121.742386,4,HR,East,C8R13B4
EWG_2019_Lib01_s307,PL10,C,3,38,4,YK-unk,Hermiston,ST2_7,Lib01,TCGTAGCA,CAGTGAGA,NA,NA,NA,NA,NA,NA,11,YK,East,C4R38B11
EWG_2019_Lib01_s312,PL10,H,3,22,10,BESC-294,Hermiston,ST2_7,Lib01,GTAGCTTG,GCATGGAA,Core,Monroe,Skykomish,BESC,47.843838,-121.974121,7,SKY,West,C10R22B7
EWG_2019_Lib01_s315,PL10,C,4,36,15,BESC-1204,Hermiston,ST2_7,Lib01,TCGTAGCA,CTCTCACA,Clearwater,Clearwater,Clearwater,Eastern,46.278836,-116.101776,12,CW,East,C15R36B12
EWG_2019_Lib01_s317,PL10,E,4,39,4,BESC-803,Hermiston,ST2_7,Lib01,GTAGCTTG,GCAACGTT,Core,Orting,Puyallup,BESC,47.076718,-122.201752,11,PU,West,C4R39B11
EWG_2019_Lib01_s324,PL10,D,5,34,18,BESC-905,Hermiston,ST2_7,Lib01,TCGTAGCA,TGCACATG,Core,Gold_Bar,Skykomish,BESC,47.849577,-121.695297,12,SKY,West,C18R34B12
EWG_2019_Lib01_s326,PL10,F,5,13,5,BESC-42,Hermiston,ST2_7,Lib01,GTAGCTTG,GTGTCTCT,Columbia,Talley_Way,Columbia,BESC,46.102311,-122.880493,4,CLB,West,C5R13B4
EWG_2019_Lib01_s335,PL10,G,6,23,8,BESC-103,Hermiston,ST2_7,Lib01,GTAGCTTG,ATCCTAGG,Columbia,Rainier,Columbia,BESC,46.11251,-122.987831,7,CLB,West,C8R23B7
EWG_2019_Lib01_s346,PL10,B,8,34,5,BESC-833,Hermiston,ST2_7,Lib01,TATAGCGC,CGAACGAA,Core,Orting,Puyallup,BESC,47.039044,-122.201614,11,PU,West,C5R34B11
EWG_2019_Lib01_s352,PL10,H,8,39,17,BESC-430,Hermiston,ST2_7,Lib01,ATCGGCAT,AGGTCTAC,Core,Hamilton_Island,Skagit,BESC,48.517896,-122.012955,12,SK,West,C17R39B12
EWG_2019_Lib01_s362,PL10,B,10,34,9,BESC-294,Hermiston,ST2_7,Lib01,TATAGCGC,GACAGAGT,Core,Monroe,Skykomish,BESC,47.843838,-121.974121,11,SKY,West,C9R34B11
EWG_2019_Lib01_s363,PL10,C,10,36,18,BESC-833,Hermiston,ST2_7,Lib01,TATAGCGC,CTCTCACA,Core,Orting,Puyallup,BESC,47.039044,-122.201614,12,PU,West,C18R36B12
EWG_2019_Lib01_s367,PL10,G,10,38,3,BESC-230,Hermiston,ST2_7,Lib01,ATCGGCAT,CTCTCACA,Core,Orting,Puyallup,BESC,47.058627,-122.192513,11,PU,West,C3R38B11
EWG_2019_Lib01_s368,PL10,H,10,21,8,BESC-1208,Hermiston,ST2_7,Lib01,ATCGGCAT,GTTGGTAC,Clearwater,Clearwater,Clearwater,Eastern,46.136478,-115.592178,7,CW,East,C8R21B7
EWG_2019_Lib01_s381,PL10,E,12,39,14,BESC-1201,Hermiston,ST2_7,Lib01,ATCGGCAT,TAGGAACG,Clearwater,Clearwater,Clearwater,Eastern,46.447972,-116.861786,12,CW,East,C14R39B12
EWG_2019_Lib02_s290,PL11,B,1,25,8,BESC-1207,Hermiston,ST2_7,Lib02,TCGTAGCA,AGCAAGGT,Clearwater,Clearwater,Clearwater,Eastern,46.126361,-115.786507,7,CW,East,C8R25B7
EWG_2019_Lib02_s292,PL11,D,1,15,2,BESC-184,Hermiston,ST2_7,Lib02,TCGTAGCA,GGTAGCAA,Core,Orting,Puyallup,BESC,47.084244,-122.204559,4,PU,West,C2R15B4
EWG_2019_Lib02_s299,PL11,C,2,22,8,BESC-230,Hermiston,ST2_7,Lib02,TCGTAGCA,CACAGTCA,Core,Orting,Puyallup,BESC,47.058627,-122.192513,7,PU,West,C8R22B7
EWG_2019_Lib02_s306,PL11,B,3,34,11,BESC-1220,Hermiston,ST2_7,Lib02,TCGTAGCA,TGTCGACA,Yakima,Yakima,Yakima,Eastern,47.236444,-121.170601,12,YK,East,C11R34B12
EWG_2019_Lib02_s316,PL11,D,4,37,10,BESC-430,Hermiston,ST2_7,Lib02,TCGTAGCA,GTTGGTAC,Core,Hamilton_Island,Skagit,BESC,48.517896,-122.012955,11,SK,West,C10R37B11
EWG_2019_Lib02_s325,PL11,E,5,37,3,BESC-1227,Hermiston,ST2_7,Lib02,GTAGCTTG,ATAAGCGG,Little Salmon,Little Salmon,Little Salmon,Eastern,45.23405,-116.325348,11,LS,East,C3R37B11
EWG_2019_Lib02_s333,PL11,E,6,21,10,BESC-833,Hermiston,ST2_7,Lib02,GTAGCTTG,TAGGAACG,Core,Orting,Puyallup,BESC,47.039044,-122.201614,7,PU,West,C10R21B7
EWG_2019_Lib02_s334,PL11,F,6,37,16,YALD-27-5,Hermiston,ST2_7,Lib02,GTAGCTTG,TGGTTCCT,BC,Yale_West,34,BC,49.566667,-121.466667,12,FR,West,C16R37B12
EWG_2019_Lib02_s336,PL11,H,6,35,12,YK-unk,Hermiston,ST2_7,Lib02,GTAGCTTG,CGTTCGTT,NA,NA,NA,NA,NA,NA,12,YK,East,C12R35B12
EWG_2019_Lib02_s351,PL11,G,8,34,10,MCMN-27-5,Hermiston,ST2_7,Lib02,ATCGGCAT,CACAGTCA,BC,McMillan_Island_,34,BC,49.183333,-122.583336,11,FR,West,C10R34B11
EWG_2019_Lib02_s353,PL11,A,9,17,13,BESC-1248,Hermiston,ST2_7,Lib02,TATAGCGC,GTACTGGT,Grand Ronde,Grand Ronde,Grand Ronde,Eastern,45.97235,-117.404137,7,GR,East,C13R17B7
EWG_2019_Lib02_s359,PL11,G,9,14,4,BESC-1219,Hermiston,ST2_7,Lib02,ATCGGCAT,CAGTGAGA,Yakima,Yakima,Yakima,Eastern,47.173561,-120.859276,4,YK,East,C4R14B4
EWG_2019_Lib02_s363,PL11,C,10,22,13,BESC-465,Hermiston,ST2_7,Lib02,TATAGCGC,CTCTCACA,Core,Lyman_Island,Skagit,BESC,48.51838,-122.05242200000001,7,SK,West,C13R22B7
EWG_2019_Lib02_s368,PL11,H,10,35,2,BESC-184,Hermiston,ST2_7,Lib02,ATCGGCAT,GTTGGTAC,Core,Orting,Puyallup,BESC,47.084244,-122.204559,11,PU,West,C2R35B11
EWG_2019_Lib02_s370,PL11,B,11,20,9,BESC-80,Hermiston,ST2_7,Lib02,TATAGCGC,GTGTCTCT,Columbia,Rainier,Columbia,BESC,46.119186,-122.995293,7,CLB,West,C9R20B7
EWG_2019_Lib02_s376,PL11,H,11,24,9,BESC-1231,Hermiston,ST2_7,Lib02,ATCGGCAT,TGCACATG,Hood River,Hood River,Hood River,Eastern,45.525436,-121.742386,7,HR,East,C9R24B7
EWG_2019_Lib02_s379,PL11,C,12,19,9,BESC-1205,Hermiston,ST2_7,Lib02,TATAGCGC,ATCCTAGG,Clearwater,Clearwater,Clearwater,Eastern,46.242536,-116.041306,7,CW,East,C9R19B7
EWG_2019_Lib02_s381,PL11,E,12,16,7,BESC-1232,Hermiston,ST2_7,Lib02,ATCGGCAT,TAGGAACG,Hood River,Hood River,Hood River,Eastern,45.703567,-121.507904,4,HR,East,C7R16B4
EWG_2019_Lib03_s289,PL12,A,1,34,19,MCMN-27-5,Hermiston,ST2_7,Lib03,TCGTAGCA,AGAGACAC,BC,McMillan_Island_,34,BC,49.183333,-122.583336,12,FR,West,C19R34B12
EWG_2019_Lib03_s290,PL12,B,1,15,11,BESC-1205,Hermiston,ST2_7,Lib03,TCGTAGCA,AGCAAGGT,Clearwater,Clearwater,Clearwater,Eastern,46.242536,-116.041306,4,CW,East,C11R15B4
EWG_2019_Lib03_s302,PL12,F,2,36,14,BESC-1203,Hermiston,ST2_7,Lib03,GTAGCTTG,CGAACGAA,Clearwater,Clearwater,Clearwater,Eastern,46.4908,-116.450119,12,CW,East,C14R36B12
EWG_2019_Lib03_s308,PL12,D,3,18,12,BESC-1204,Hermiston,ST2_7,Lib03,TCGTAGCA,GCATGGAA,Clearwater,Clearwater,Clearwater,Eastern,46.278836,-116.101776,7,CW,East,C12R18B7
EWG_2019_Lib03_s324,PL12,D,5,38,2,BESC-319,Hermiston,ST2_7,Lib03,TCGTAGCA,TGCACATG,Core,Mann_Rd,Skykomish,BESC,47.855099,-121.732903,11,SKY,West,C2R38B11
EWG_2019_Lib03_s346,PL12,B,8,17,7,BESC-1228,Hermiston,ST2_7,Lib03,TATAGCGC,CGAACGAA,Little Salmon,Little Salmon,Little Salmon,Eastern,45.26745,-116.342087,4,LS,East,C7R17B4
EWG_2019_Lib03_s355,PL12,C,9,14,3,BESC-1220,Hermiston,ST2_7,Lib03,TATAGCGC,CAGTGAGA,Yakima,Yakima,Yakima,Eastern,47.236444,-121.170601,4,YK,East,C3R14B4
EWG_2019_Lib03_s360,PL12,H,9,36,10,BESC-1204,Hermiston,ST2_7,Lib03,ATCGGCAT,GCATGGAA,Clearwater,Clearwater,Clearwater,Eastern,46.278836,-116.101776,11,CW,East,C10R36B11
EWG_2019_Lib03_s367,PL12,G,10,12,9,BESC-1244,Hermiston,ST2_7,Lib03,ATCGGCAT,CTCTCACA,Grand Ronde,Grand Ronde,Grand Ronde,Eastern,46.007783,-117.364754,4,GR,East,C9R12B4
EWG_2019_Lib03_s369,PL12,A,11,17,10,BESC-1241,Hermiston,ST2_7,Lib03,TATAGCGC,ATAAGCGG,Grand Ronde,Grand Ronde,Grand Ronde,Eastern,45.455583,-117.41938,7,GR,East,C10R17B7
EWG_2019_Lib03_s379,PL12,C,12,15,12,BESC-1201,Hermiston,ST2_7,Lib03,TATAGCGC,ATCCTAGG,Clearwater,Clearwater,Clearwater,Eastern,46.447972,-116.861786,4,CW,East,C12R15B4
EWG_2019_Lib01_s388,PL13,D,1,19,8,BESC-1203,Hermiston,ST2_8,Lib01,CACTTCTG,GGTAGCAA,Clearwater,Clearwater,Clearwater,Eastern,46.4908,-116.450119,7,CW,East,C8R19B7
EWG_2019_Lib01_s393,PL13,A,2,37,17,HOPF-27-5,Hermiston,ST2_8,Lib01,CACTTCTG,TCTCTCTC,BC,Hope_North,34,BC,49.433333,-121.433334,12,FR,West,C17R37B12
EWG_2019_Lib01_s394,PL13,B,2,15,8,BESC-319,Hermiston,ST2_8,Lib01,CACTTCTG,CGAACGAA,Core,Mann_Rd,Skykomish,BESC,47.855099,-121.732903,4,SKY,West,C8R15B4
EWG_2019_Lib01_s414,PL13,F,4,20,8,BESC-1243,Hermiston,ST2_8,Lib01,TGACGAGA,GACAGAGT,Grand Ronde,Grand Ronde,Grand Ronde,Eastern,45.957517,-117.423164,7,GR,East,C8R20B7
EWG_2019_Lib01_s423,PL13,G,5,40,3,BESC-465,Hermiston,ST2_8,Lib01,TGACGAGA,CTGTACTC,Core,Lyman_Island,Skagit,BESC,48.51838,-122.05242200000001,11,SK,West,C3R40B11
EWG_2019_Lib01_s427,PL13,C,6,12,12,HRSP-27-5,Hermiston,ST2_8,Lib01,CACTTCTG,ATCCTAGG,BC,HRSP,34,BC,49.233333,-121.849998,4,FR,West,C12R12B4
EWG_2019_Lib01_s432,PL13,H,6,15,6,BESC-430,Hermiston,ST2_8,Lib01,TGACGAGA,CGTTCGTT,Core,Hamilton_Island,Skagit,BESC,48.517896,-122.012955,4,SK,West,C6R15B4
EWG_2019_Lib01_s437,PL13,E,7,21,13,BESC-1215,Hermiston,ST2_8,Lib01,AGTGGTGA,AGAGACAC,Yakima,Yakima,Yakima,Eastern,46.883628,-120.47541,7,YK,East,C13R21B7
EWG_2019_Lib01_s460,PL13,D,10,12,6,BESC-1227,Hermiston,ST2_8,Lib01,CCAATTCC,GTTGGTAC,Little Salmon,Little Salmon,Little Salmon,Eastern,45.23405,-116.325348,4,LS,East,C6R12B4
EWG_2019_Lib01_s464,PL13,H,10,36,5,BESC-1226,Hermiston,ST2_8,Lib01,AGTGGTGA,GTTGGTAC,Little Salmon,Little Salmon,Little Salmon,Eastern,45.223017,-116.320435,11,LS,East,C5R36B11
EWG_2019_Lib01_s465,PL13,A,11,12,2,BESC-1241,Hermiston,ST2_8,Lib01,CCAATTCC,ATAAGCGG,Grand Ronde,Grand Ronde,Grand Ronde,Eastern,45.455583,-117.41938,4,GR,East,C2R12B4
EWG_2019_Lib01_s466,PL13,B,11,26,11,BESC-430,Hermiston,ST2_8,Lib01,CCAATTCC,GTGTCTCT,Core,Hamilton_Island,Skagit,BESC,48.517896,-122.012955,7,SK,West,C11R26B7
EWG_2019_Lib01_s470,PL13,F,11,34,2,BESC-1220,Hermiston,ST2_8,Lib01,AGTGGTGA,GTGTCTCT,Yakima,Yakima,Yakima,Eastern,47.236444,-121.170601,11,YK,East,C2R34B11
EWG_2019_Lib01_s473,PL13,A,12,14,12,BESC-905,Hermiston,ST2_8,Lib01,CCAATTCC,TAGGAACG,Core,Gold_Bar,Skykomish,BESC,47.849577,-121.695297,4,SKY,West,C12R14B4
EWG_2019_Lib01_s474,PL13,B,12,34,14,BESC-42,Hermiston,ST2_8,Lib01,CCAATTCC,TGGTTCCT,Columbia,Talley_Way,Columbia,BESC,46.102311,-122.880493,12,CLB,West,C14R34B12
EWG_2019_Lib01_s475,PL13,C,12,38,16,BESC-196,Hermiston,ST2_8,Lib01,CCAATTCC,ATCCTAGG,Core,Orting,Puyallup,BESC,47.090095,-122.214005,12,PU,West,C16R38B12
EWG_2019_Lib02_s392,PL14,H,1,23,9,BESC-1247,Hermiston,ST2_8,Lib02,TGACGAGA,GGTAGCAA,Grand Ronde,Grand Ronde,Grand Ronde,Eastern,46.027517,-117.257401,7,GR,East,C9R23B7
EWG_2019_Lib02_s393,PL14,A,2,11,8,BESC-815,Hermiston,ST2_8,Lib02,CACTTCTG,TCTCTCTC,Core,Orting,Puyallup,BESC,47.090557,-122.215759,4,PU,West,C8R11B4
EWG_2019_Lib02_s401,PL14,A,3,18,8,BESC-42,Hermiston,ST2_8,Lib02,CACTTCTG,GTACTGGT,Columbia,Talley_Way,Columbia,BESC,46.102311,-122.880493,7,CLB,West,C8R18B7
EWG_2019_Lib02_s402,PL14,B,3,16,11,BESC-1215,Hermiston,ST2_8,Lib02,CACTTCTG,TGTCGACA,Yakima,Yakima,Yakima,Eastern,46.883628,-120.47541,4,YK,East,C11R16B4
EWG_2019_Lib02_s407,PL14,G,3,14,8,BESC-273,Hermiston,ST2_8,Lib02,TGACGAGA,CAGTGAGA,Core,Startup,Skykomish,BESC,47.862312,-121.782951,4,SKY,West,C8R14B4
